Escola;Endereço;;;Dependência Administrativa;Porte da Escola;Classificação
ESCOLA INFANTIL ARCO IRIS;Avenida Juca Batista, 21;Ipanema   ; 91760-140 Porto Alegre - RS;Privada;<50;1
EEI AQUARELA DO SABER;Rua Maestro Mendanha, 240;Santana   ; 90620-160 Porto Alegre - RS;Privada;<50;1
EEI ABC DA INFANCIA;Rua Frederico Etzberger, 301;Nonoai   ; 91720-510 Porto Alegre - RS;Privada;<50;1
EEI KANGURU FELIZ;Rua Luzitana, 483;Higienopolis   ; 90520-080 Porto Alegre - RS;Privada;<50;1
VILLA KIDS;Rua Regente, 176;Petropolis   ; 90470-170 Porto Alegre - RS;Privada;<50;1
IEI CRECHE DO CORACAO;Rua Rio Maria, 207;Cascata   ; 91712-270 Porto Alegre - RS;Privada;<50;1
EEI TURMA DA MAGALI;Adao Pretto, 4967;Lomba Do Pinheiro ; 91570-735 Porto Alegre - RS;Privada;<50;1
EEI PEQUENOS BRILHANTES;Avenida Baltazar De Oliveira Garcia, 4660;Rubem Berta   ; 91180-000 Porto Alegre - RS;Privada;<50;1
INST EDUC INF BILINGUE UP KIDS SCHOOL;Alameda Emilio De Menezes, 100;Tres Figueiras  ; 91340-360 Porto Alegre - RS;Privada;<50;1
EEI CAMBALHOTA KIDS;Rua Dr Voltaire Pires, 617;Santo Antonio   ; 90610-250 Porto Alegre - RS;Privada;<50;1
EEI GENTE MIUDA;Avenida Benno Mentz, 215;Vila Ipiranga  ; 91370-020 Porto Alegre - RS;Privada;<50;1
EEI SOBRADINHO ALEGRE;Avenida Coronel Lucas De Oliveira, 1927;Petropolis   ; 90460-001 Porto Alegre - RS;Privada;<50;1
EEI PAMPEANO;Rua Pedro Ivo, 88;Mont Serrat  ; 90450-210 Porto Alegre - RS;Privada; 51 e 200;2
EEI PAIS E FILHOS;Rua Silveiro, 841;Menino Deus  ; 90850-170 Porto Alegre - RS;Privada; 51 e 200;2
EEI MUNDO MAGICO DA ALEGRIA;Rua Cirino Prunes, 292;Espirito Santo  ; 91770-210 Porto Alegre - RS;Privada; 51 e 200;2
EEI ALEGRIA DE CRIANCA;Av Alcides Maia, 259;Sarandi   ; 91130-700 Porto Alegre - RS;Privada;<50;1
EEI TURMINHA DO PUFF;Rua Padre Roque Gonzales, 474;Lomba Do Pinheiro ; 91570-170 Porto Alegre - RS;Privada;<50;1
EEI CRIARTE;Rua Roque Calage, 755;Passo Da Areia ; 91350-090 Porto Alegre - RS;Privada;<50;1
EEI IGORZINHO;Rua Honorato Toniolo, 106;Hipica   ; 91755-100 Porto Alegre - RS;Privada; 51 e 200;2
5218 IEI CARLOS ALBERTO TEJERA DE RE;Av Eng Ludolfo Boehl, 1402;Cascata   ; 91720-150 Porto Alegre - RS;Privada; 51 e 200;2
5217 EEI EDUARDA PUJOL ZANIRATTI;Av Econ Nilo Wulff, 929;Restinga   ; 91790-000 Porto Alegre - RS;Privada; 51 e 200;2
5211 EEI JARDIM DO FUTURO;Rua Da Comunidade, 16;Lomba Do Pinheiro   ; 91560-550 Porto Alegre - RS;Privada; 51 e 200;2
5210 IEI EREMI;R Paulino Azurenha, 445;Partenon   ; 90680-240 Porto Alegre - RS;Privada; 51 e 200;2
5208 IEI VITORIA;Av A J Renner, 773;Humaita   ; 90245-000 Porto Alegre - RS;Privada; 51 e 200;2
EEI COLIBRI;Avenida Engenheiro Alfredo Correa Daudt, 300;Boa Vista  ; 90480-120 Porto Alegre - RS;Privada;<50;1
EEI BANANA NANIKA;Avenida Protasio Alves, 2820;Rio Branco  ; 90410-000 Porto Alegre - RS;Privada;<50;1
EEI MUNDO DO SABER;Avenida Edgar Pires De Castro, 242;Aberta Dos Morros ; 91787-152 Porto Alegre - RS;Privada;<50;1
EEI CANTINHO DO SABER;Avenida Sao Sebastiao, 57;Nonoai   ; 90830-420 Porto Alegre - RS;Privada;<50;1
INSTITUTO EDUCACIONAL REVERENDO OLAVO NUNES;Rua 25 De Julho, 437;Santa Maria Goretti   ; 91031-970 Porto Alegre - RS;Privada; 51 e 200;2
5207 IEI PE DE MOLEQUE;R Maria Paula Leal, 200;Farrapos   ; 90250-617 Porto Alegre - RS;Privada; 51 e 200;2
EEI PEQUENO APRENDIZ;Rua Vitor Hugo, 25;Petropolis   ; 90630-070 Porto Alegre - RS;Privada;<50;1
EEI SONHO DE CRIANCA;Praca Alberto Ramos, 852;Higienopolis   ; 90520-050 Porto Alegre - RS;Privada;<50;1
EEI JOAO E MARIA;Rua Sape, 575;Jardim Ipiranga  ; 91350-050 Porto Alegre - RS;Privada; 51 e 200;2
EEI ANJINHOS TRAVESSOS;Rua Liberal, 3187;Cavalhada   ; 91920-682 Porto Alegre - RS;Privada;<50;1
KINDERHOUSE ESCOLA DE EDUCACAO INFANTIL LTDA - ME;Rua Pedro Weingartner, 147;Rio Branco  ; 90430-140 Porto Alegre - RS;Privada;<50;1
EEI LAPIS DE COR;Avenida Pernambuco, 2808;Navegantes   ; 90240-001 Porto Alegre - RS;Privada;<50;1
MUNDO EDUCACAO INFANTIL;Rua Barbedo, 584;Menino Deus  ; 90110-260 Porto Alegre - RS;Privada; 201 e 500;3
EEI SITIO DO PICA PAU AMARELO;Rua Gomes De Freitas, 330;Jardim Itu Sabara ; 91380-330 Porto Alegre - RS;Privada;<50;1
EEI ARTE E CIA;Rua Nunes, 494;Medianeira   ; 90870-390 Porto Alegre - RS;Privada;<50;1
5205 IEI OSICOM IV - NOSSA SENHORA DA SALETE;R Parlamento, 215;Morro Santana  ; 91450-370 Porto Alegre - RS;Privada; 51 e 200;2
5209 IEI ACOMPAR V - LUISA CASAGRANDE LEWANDOWSKI;R Dr Meer Mario Kaufmann, 336;Santa Rosa De Lima; 91160-270 Porto Alegre - RS;Privada; 51 e 200;2
EEI CATIVAR;Avenida Dom Claudio Jose Goncalves Ponce De Leao, 376;Vila Ipiranga  ; 91370-170 Porto Alegre - RS;Privada;<50;1
INST EDUC INF ABCB CRIANCA PAZ E BEM;Rua J, 140; Hipica   ; 91755-450 Porto Alegre - RS;Privada;<50;1
INST EDUC INF ABCB SAO FRANCISCO;Estrada Retiro Da Ponta Grossa, 1701;Ponta Grossa  ; 91780-590 Porto Alegre - RS;Privada;<50;1
EEI CANTINHO DO CEU;Avenida Antonio Carvalho, 1451;Agronomia   ; 91430-001 Porto Alegre - RS;Privada;<50;1
EEI GENTE PEQUENA;Rua Saica, 61;Petropolis   ; 90670-110 Porto Alegre - RS;Privada;<50;1
ESC ENS FUND WALDORF QUERENCIA;Beco Ponta Grossa, 874;Ponta Grossa  ; 91780-570 Porto Alegre - RS;Privada; 51 e 200;2
EEI AMIGUINHOS DO CRISTAL;Rua Inhandui, 421;Cristal   ; 90820-170 Porto Alegre - RS;Privada;<50;1
EEI GERACAO CRIANCA;Praca Alberto Ramos, 906;Higienopolis   ; 90520-050 Porto Alegre - RS;Privada;<50;1
EEI CONTO DE FADAS;Rua Nero Jose Da Silva Filho, 285;Partenon   ; 91530-570 Porto Alegre - RS;Privada;<50;1
EEI CARROSSEL;Rua Vieira De Castro, 250;Farroupilha   ; 90040-320 Porto Alegre - RS;Privada;<50;1
5212 EEI RECANTO DOS PEQUENINOS;R Stefan Hermann, 4;Ponta Grossa  ; 91780-598 Porto Alegre - RS;Privada; 51 e 200;2
5220 IEI CANTINHO DO SOL;Rua Pedro Raimundo, 179;Chapeu Do Sol ; 91787-029 Porto Alegre - RS;Privada; 51 e 200;2
5221 EEI ANA MALTZ KNIJNIK;Estr Cristiano Kraemer, 1078;Vila Nova  ; 91750-062 Porto Alegre - RS;Privada; 51 e 200;2
5222 IEI PRISMA;R Prisma, 203;Santa Tereza  ; 90840-130 Porto Alegre - RS;Privada; 51 e 200;2
5225 IEI ESPACO DO SABER;R Millo Raffin, 79;Mario Quintana  ; 91240-475 Porto Alegre - RS;Privada; 51 e 200;2
EEI SITIO PARAISO;Estrada Costa Gama, 5225;Aberta Dos Morros ; 91788-199 Porto Alegre - RS;Privada;<50;1
5227 EEI MADRE VERONICA;R Cel Claudino, 80;Cristal   ; 91910-670 Porto Alegre - RS;Privada; 51 e 200;2
EEI PIMPAO;Avenida Irene Ruperti, 79;Parque Santa Fe ; 91180-620 Porto Alegre - RS;Privada; 51 e 200;2
EEI CANTINHO DOS BAIXINHOS;Acesso E, 2339;Restinga   ; 91793-590 Porto Alegre - RS;Privada;<50;1
EEI TURMA DA MONICA;Beco Da Taquara, 3869;Lomba Do Pinheiro ; 91570-730 Porto Alegre - RS;Privada;<50;1
EEF CRESCER;Rua Galileia, 235;Vila Jardim   ; 91330-620 Porto Alegre - RS;Privada; 51 e 200;2
EEI PROJETO CRIANCA SOGIPA;Rua Barao Do Cotegipe, 400;Sao Joao  ; 90540-020 Porto Alegre - RS;Privada; 51 e 200;2
EEI CASA AMETISTA;Rua Vitor Hugo, 250;Petropolis   ; 90630-070 Porto Alegre - RS;Privada;<50;1
EEI PROTASIO;Avenida Protasio Alves, 11355;Protasio Alves  ; 91260-000 Porto Alegre - RS;Privada; 51 e 200;2
EEI URSINHOS CARINHOSOS;Rua Senzala, 117;Lomba Do Pinheiro ; 91570-420 Porto Alegre - RS;Privada;<50;1
EEI LUDICA INFANCIA - CESI JUNIOR ZONA SUL;Rua Zuzu Angel, 251;Aberta Dos Morros ; 91787-880 Porto Alegre - RS;Privada;<50;1
IEI CANTO DAS CRIANCAS;Travessa Vilmar Ribeiro Wogt, 265;Mario Quintana   ; 91260-040 Porto Alegre - RS;Privada;<50;1
5228 IEI APRENDENDO FELIZ;Ac Cirio Amaral De Oliveira, 403;Restinga   ; 91790-260 Porto Alegre - RS;Privada; 51 e 200;2
EEI SONHO DE CRIANCA II;Rua Filadelfia, 331;Sao Joao  ; 90550-060 Porto Alegre - RS;Privada; 51 e 200;2
EEI SEMEAR;Rua Professor Joaquim Felizardo, 165;Espirito Santo  ; 91770-370 Porto Alegre - RS;Privada;<50;1
5226 EEI PROF MARIETA PAIXAO ARAUJO;R Sargento Silvio Delmar Hollenbach, 698;Rubem Berta  ; 91240-120 Porto Alegre - RS;Privada; 51 e 200;2
5229 IEI CONSTRUINDO O AMANHA VILA JARDIM;R Barao De Bage, 317;Vila Jardim  ; 91330-570 Porto Alegre - RS;Privada; 51 e 200;2
EEI TARTARUGUINHA VERDE III;Avenida Ganzo, 96;Menino Deus  ; 90150-071 Porto Alegre - RS;Privada; 51 e 200;2
EEI CATIVAR - PARTENON;Rua Paulino Azurenha, 1472;Partenon   ; 90680-240 Porto Alegre - RS;Privada;<50;1
EEI ARCO IRIS II;Avenida Juca Batista, 8000;Belem Novo   ; 91781-200 Porto Alegre - RS;Privada;<50;1
EEI EDUCARE III;Avenida Andarai, 266;Passo Da Areia ; 91350-110 Porto Alegre - RS;Privada;<50;1
EEI ANJO SAPEQUINHA;Rua Alvares Cabral, 269;Cristo Redentor  ; 91350-250 Porto Alegre - RS;Privada;<50;1
5239 EEI MEU PEDACINHO DE CHAO;R Coliseu, 893;Restinga   ; 91790-280 Porto Alegre - RS;Privada;<50;1
EEI TCHURMINHA ENCANTADA;Rua Augusto Comte, 45;Cavalhada   ; 91750-000 Porto Alegre - RS;Privada;<50;1
EEI CRESCER E SABER;Avenida Juca Batista, 4268;Hipica   ; 91755-000 Porto Alegre - RS;Privada;<50;1
5238 EEI CHEIRINHO DE MAE;Acesso F, 2492;Restinga   ; 91793-695 Porto Alegre - RS;Privada;<50;1
EEI BRINCAR E ARTE;Rua Rondonia, 607;Restinga Velha  ; 91790-470 Porto Alegre - RS;Privada;<50;1
EEI TARTARUGUINHA VERDE IV;Avenida Ganzo, 140;Menino Deus  ; 90150-070 Porto Alegre - RS;Privada;<50;1
EEI AQUARELA;Rua Folha Da Tarde, 39;Cristal   ; 91910-710 Porto Alegre - RS;Privada;<50;1
EEI BALAO AZUL VIVENCIAS;Rua Professor Jose Salgado Martins, 191;Bela Vista  ; 90450-150 Porto Alegre - RS;Privada; 51 e 200;2
5230 EEI ABRASCE ILHA DO PAVAO;Br 290, 98;Arquipelago   ; 90090-004 Porto Alegre - RS;Privada;<50;1
5232 IEI SALVATORE LETTIERI;R Deziderio Severino, 431;Passo Das Pedras ; 91230-250 Porto Alegre - RS;Privada; 51 e 200;2
EMEI MIGUEL GRANATO VELASQUEZ;R Armando Costa, 0;Sarandi   ; 91120-450 Porto Alegre - RS;Municipal; 51 e 200;2
EMEF PORTO NOVO;Rua Amelia Santini Fortunati, 101;Santa Rosa De Lima; 91160-810 Porto Alegre - RS;Municipal; 501 e 1000;4
5236 EEI PITINGUINHA;R Walther Schneider, 224;Restinga   ; 91790-402 Porto Alegre - RS;Privada; 51 e 200;2
5237 EEI WLANIR PORTO;R Argemiro Ogando Correa, 350;Serraria   ; 91770-810 Porto Alegre - RS;Privada; 51 e 200;2
5233 ECEI PROFESSORA VIVI REIS;R Capitao Pedroso, 540;Restinga   ; 91790-790 Porto Alegre - RS;Privada; 51 e 200;2
5240 EEI JARDIM FLORESTA LAMI;Rua E, 115;Lami   ; 91787-516 Porto Alegre - RS;Privada; 51 e 200;2
5241 EEI DESENVOLVENDO O SABER;Acbsq 6 -3 Unidade Vicinal, 3728;Restinga   ; 91793-440 Porto Alegre - RS;Privada;<50;1
EEI MEU MUNDO CRIANCA;Rua Madre Ana, 377;Gloria   ; 91720-070 Porto Alegre - RS;Privada;<50;1
5235 EEI EDUARDA PUJOL ZANIRATTI II;R Elzira Nunes Da Silva, 100;Restinga   ; 91788-712 Porto Alegre - RS;Privada; 51 e 200;2
EEI PANAMERICANA;Rua Joao Paetzel, 440;Chacara Das Pedras ; 91330-280 Porto Alegre - RS;Privada; 51 e 200;2
EEI TARTARUGUINHA V;Avenida Ganzo, 601;Menino Deus  ; 90150-071 Porto Alegre - RS;Privada; 51 e 200;2
COLEGIO ANCHIETA;Av Nilo Pecanha, 1521;Três Figueiras   ; 91330-000 Porto Alegre - RS;Privada;>1000;5
COLEGIO BATISTA;Avenida Cristovao Colombo, 1098;Floresta   ; 90560-001 Porto Alegre - RS;Privada; 201 e 500;3
COLEGIO MARISTA CHAMPAGNAT;Avenida Bento Goncalves, 4314;Partenon   ; 90650-001 Porto Alegre - RS;Privada;>1000;5
COL CONCORDIA;Avenida Presidente Franklin Roosevelt, 770;Navegantes   ; 90230-001 Porto Alegre - RS;Privada; 501 e 1000;4
COLEGIO FARROUPILHA;Rua Carlos Huber, 425;Tres Figueiras  ; 91330-150 Porto Alegre - RS;Privada;>1000;5
COLEGIO ISRAELITA BRASILEIRO;Avenida Protasio Alves, 943;Rio Branco  ; 90410-000 Porto Alegre - RS;Privada; 501 e 1000;4
COL MARIA IMACULADA;Avenida Padre Cacique, 1028;Praia De Belas ; 90810-240 Porto Alegre - RS;Privada; 501 e 1000;4
COL NOSSA SENHORA DO BOM CONSELHO;Rua Ramiro Barcelos, 996;Floresta   ; 90035-001 Porto Alegre - RS;Privada; 501 e 1000;4
COLEGIO NOSSA SRA DA GLORIA;Avenida Professor Oscar Pereira, 3052;Gloria   ; 91710-000 Porto Alegre - RS;Privada; 501 e 1000;4
COLEGIO LA SALLE DORES;Rua Riachuelo, 800;Centro Historico  ; 90010-272 Porto Alegre - RS;Privada; 501 e 1000;4
COLEGIO RAINHA DO BRASIL;Rua Paulino Chaves, 262;Santo Antonio  ; 90640-200 Porto Alegre - RS;Privada; 501 e 1000;4
COLEGIO SANTA INES;Avenida Protasio Alves, 2493;Petropolis   ; 90410-002 Porto Alegre - RS;Privada;>1000;5
COLEGIO SANTA TERESA DE JESUS PORTO ALEGRE;Av Cavalhada, 2250;Cavalhada   ; 91740-000 Porto Alegre - RS;Privada; 501 e 1000;4
COL LA SALLE SANTO ANTONIO;Rua Luiz De Camoes, 372;Santo Antonio  ; 90620-150 Porto Alegre - RS;Privada;>1000;5
COL LA SALLE SAO JOAO;Rua Honorio Silveira Dias, 645;Sao Joao  ; 90550-150 Porto Alegre - RS;Privada;>1000;5
COLEGIO SAO JUDAS TADEU;Rua Dom Diogo De Souza, 100;Cristo Redentor  ; 91350-000 Porto Alegre - RS;Privada; 501 e 1000;4
COLEGIO MARISTA SAO PEDRO;Rua Alvaro Chaves, 625;Floresta   ; 90220-040 Porto Alegre - RS;Privada; 501 e 1000;4
COLEGIO BOM JESUS SEVIGNE;Rua Duque De Caxias, 1475;Centro Historico  ; 90010-283 Porto Alegre - RS;Privada; 201 e 500;3
EMEM EMILIO MEYER;Av Niteroi, 472;Medianeira   ; 90880-270 Porto Alegre - RS;Municipal; 501 e 1000;4
ESCOLA DE EDUCACAO INFANTIL CRIANCA ARTEIRA;Rua Artigas, 340;Petropolis   ; 90670-120 Porto Alegre - RS;Privada;<50;1
ESC ENS FUND MARIA AUXILIADORA;Rua Marechal Jose Inacio Da Silva, 305;Passo Da Areia ; 90520-280 Porto Alegre - RS;Privada; 201 e 500;3
ESCOLA DE ENSINO FUNDAMENTAL MADRE RAFFO;Rua Doutor Carlos Flores, 53;Belem Novo  ; 91780-080 Porto Alegre - RS;Privada; 201 e 500;3
ESC ENS MEDIO MARIA IMACULADA;Rua General Gomes Carneiro, 364;Medianeira   ; 90870-310 Porto Alegre - RS;Privada; 201 e 500;3
COLEGIO ROMANO SAO MATEUS;Rua Bortolo Barbieri, 90;Jardim Sao Pedro ; 91040-160 Porto Alegre - RS;Privada; 201 e 500;3
COLEGIO ADVENTISTA DE PORTO ALEGRE;Rua Camaqua, 534;Camaqua   ; 91910-630 Porto Alegre - RS;Privada;>1000;5
6001 EEF PEQUENA CASA DA CRIANCA;R Mario De Artagao, 13;Partenon   ; 90680-090 Porto Alegre - RS;Privada; 201 e 500;3
EMEF ARAMY SILVA;R Chico Pedro, 390;Camaqua   ; 91910-650 Porto Alegre - RS;Municipal; 501 e 1000;4
EMEF DECIO MARTINS COSTA;R Cristovao Jaques, 488;Sarandi   ; 91140-420 Porto Alegre - RS;Municipal; 501 e 1000;4
EMEF DOLORES ALCARAZ CALDAS;R Dr Carlos Niederauer Hofmeister, 85;Restinga   ; 91790-020 Porto Alegre - RS;Municipal;>1000;5
EMEF JOSE LOUREIRO DA SILVA;Av Capivari, 1999;Cristal   ; 90810-070 Porto Alegre - RS;Municipal;>1000;5
EMEB DR LIBERATO SALZANO VIEIRA DA CUNHA;R Xavier De Carvalho, 274;Sarandi   ; 91110-440 Porto Alegre - RS;Municipal;>1000;5
EMEF NOSSA SENHORA DE FATIMA;R A Vila N S Fatima-Divineia, 15;Bom Jesus  ; 91420-701 Porto Alegre - RS;Municipal; 501 e 1000;4
EMEF PEPITA DE LEAO;R Estadio, 29;Passo Das Pedras ; 91230-030 Porto Alegre - RS;Municipal; 201 e 500;3
EMEF PRESIDENTE VARGAS;Rua Ana Aurora Do Amaral Lisboa, 60;Passo Das Pedras ; 91230-000 Porto Alegre - RS;Municipal; 501 e 1000;4
INST ESTADUAL DOM DIOGO DE SOUZA;R Adao Baino 206, 206;Cristo Redentor  ; 91350-240 Porto Alegre - RS;Estadual; 501 e 1000;4
ESC ADVENTISTA DE ENSINO FUNDAMENTAL DE SARANDI;Rua Passos Figueiroa, 841;Sarandi   ; 91110-500 Porto Alegre - RS;Privada; 501 e 1000;4
COL ADVENTISTA MARECHAL RONDON;Rua Mali, 255;Vila Ipiranga  ; 91370-230 Porto Alegre - RS;Privada;>1000;5
COLEGIO SINODAL DO SALVADOR;Avenida Mathilde Trein Renner, 55;Vila Ipiranga  ; 91370-050 Porto Alegre - RS;Privada; 501 e 1000;4
COL SANTA DOROTEIA;Rua Mali, 405;Vila Ipiranga  ; 91370-230 Porto Alegre - RS;Privada;>1000;5
COLEGIO MARISTA ASSUNCAO;Rua Dom Bosco, 103;Gloria   ; 90680-580 Porto Alegre - RS;Privada; 501 e 1000;4
COLEGIO SALESIANO DOM BOSCO;Rua Doutor Eduardo Chartier, 360;Passo Da Areia ; 90520-100 Porto Alegre - RS;Privada;>1000;5
COLEGIO VICENTINO SANTA CECILIA;Rua Felipe De Oliveira, 448;Petropolis   ; 90630-000 Porto Alegre - RS;Privada; 201 e 500;3
ESC DE EDUC BASICA DON LUIS GUANELLA;Avenida Benno Mentz, 1560;Vila Ipiranga  ; 91370-020 Porto Alegre - RS;Privada; 201 e 500;3
ESC DE ENSINO FUNDAMENTAL MAE ADMIRAVEL;Praca Conego Marcelino, 107;Cidade Baixa  ; 90050-280 Porto Alegre - RS;Privada; 51 e 200;2
COLEGIO MAE DE DEUS;Rua Doutor Mario Totta, 1232;Tristeza   ; 91920-130 Porto Alegre - RS;Privada;>1000;5
ESCOLA FUNDAMENTAL SAO FRANCISCO MENINO DEUS;Praca Menino Deus, 77;Menino Deus  ; 90850-180 Porto Alegre - RS;Privada; 201 e 500;3
COLEGIO ROMANO SANTA MARTA;Rua Marcilio Dias, 1201;Azenha   ; 90130-001 Porto Alegre - RS;Privada; 501 e 1000;4
INSTITUTO SAO FRANCISCO SANTA FAMILIA;Avenida Para, 833;Navegantes   ; 90240-591 Porto Alegre - RS;Privada; 201 e 500;3
CENTRO DE ENSINO MEDIO PASTOR DOHMS-UNIDADE DE ENSINO HIGIENOPOLIS;Rua Americo Vespucio, 483;Higienopolis   ; 90550-031 Porto Alegre - RS;Privada;>1000;5
EMEF GOV ILDO MENEGHETTI;R Jayme Cyrino Machado De Oliveira, 250;Rubem Berta  ; 91160-060 Porto Alegre - RS;Municipal;>1000;5
COL METODISTA AMERICANO;Rua Doutor Lauro De Oliveira, 71;Rio Branco  ; 90420-210 Porto Alegre - RS;Privada; 201 e 500;3
INSTITUTO SANTA LUZIA;Avenida Da Cavalhada, 3999;Cavalhada   ; 91740-001 Porto Alegre - RS;Privada; 201 e 500;3
COLEGIO LUTERANO DA PAZ;Avenida Alcides São Severiano, 100;Sarandi   ; 91130-500 Porto Alegre - RS;Privada; 201 e 500;3
COLEGIO JOAO XXIII;Rua Sepe Tiaraju, 1013;Medianeira   ; 90840-360 Porto Alegre - RS;Privada; 501 e 1000;4
INST EST EDUC GENERAL FLORES DA CUNHA;Av Osvaldo Aranha 527, 527;Bom Fim  ; 90420-121 Porto Alegre - RS;Estadual;>1000;5
COL KENNEDY;Av Alcides Severiano, 99;Sarandi   ; 91130-500 Porto Alegre - RS;Privada; 501 e 1000;4
INSTITUTO SAO FRANCISCO PALLOTTI;Rua Tupi, 212;Passo Da Areia ; 91030-520 Porto Alegre - RS;Privada; 201 e 500;3
ESCOLA DE EDUCACAO INFANTIL MEU CANTINHO;Avenida Clemenciano Barnasque, 200;Teresopolis   ; 91720-260 Porto Alegre - RS;Privada;<50;1
EMEI JP CANTINHO AMIGO;Pca Garibaldi, 1;Azenha   ; 90050-020 Porto Alegre - RS;Municipal; 51 e 200;2
EMEI JP CIRANDINHA;Rua Vinte E Quatro De Outubro, 211;Independencia   ; 90510-002 Porto Alegre - RS;Municipal;<50;1
EMEI JP GIRAFINHA;Pca Jayme Telles, 1;Santana   ; 90650-100 Porto Alegre - RS;Municipal; 51 e 200;2
EMEI JP MEU AMIGUINHO;R Sao Carlos, 636; Floresta   ; 90220-121 Porto Alegre - RS;Municipal; 51 e 200;2
EMEI JP PASSARINHO DOURADO;Av Guido Mondin, 970;Sao Geraldo   ; 90230-260 Porto Alegre - RS;Municipal;<50;1
EMEI JP PICA-PAU AMARELO;Pca Gen Osorio, 1;Centro Historico  ; 90010-520 Porto Alegre - RS;Municipal; 51 e 200;2
ESCOLA INFANTIL GATO DE BOTAS E PEQUENO POLEGAR;Avenida Delmar Rocha Barbosa, 483;Rubem Berta  ; 91180-490 Porto Alegre - RS;Privada;<50;1
COLEGIO ADVENTISTA DO PARTENON;Avenida Valado, 363;Partenon   ; 91510-740 Porto Alegre - RS;Privada; 501 e 1000;4
INSTITUTO DE EDUCACAO SAO FRANCISCO;Avenida Baltazar De Oliveira Garcia, 4879;Rubem Berta  ; 91180-001 Porto Alegre - RS;Privada;>1000;5
ESCOLA DE ENSINO FUNDAMENTAL SAO FRANCISCO - ZONA SUL;Rua Victor Silva, 186;Camaqua   ; 91910-170 Porto Alegre - RS;Privada; 201 e 500;3
COLEGIO ACM CENTRO;Rua Washington Luiz, 1050;Centro Historico  ; 90010-460 Porto Alegre - RS;Privada; 201 e 500;3
BERCARIO CRECHE E RECREACAO CISNE BRANCO LTDA;Rua Jose De Alencar, 745;Menino Deus  ; 90880-481 Porto Alegre - RS;Privada;<50;1
COL MARISTA NOSSA SENHORA DO ROSARIO;Praca Dom Sebastiao, 2;Independencia   ; 90035-080 Porto Alegre - RS;Privada;>1000;5
CRECHE E BERCARIO GIORDANO BRUNO;Avenida Joao Obino, 385;Petropolis   ; 90470-150 Porto Alegre - RS;Privada;<50;1
ESCOLA DE EDUCACAO INFANTIL GENTE MIUDA;Travessa Angustura, 66;Moinhos De Vento ; 90440-030 Porto Alegre - RS;Privada;<50;1
EMEI JP PATINHO FEIO;Av Brasil, 593;Sao Geraldo  ; 90230-061 Porto Alegre - RS;Municipal; 51 e 200;2
COLEGIO PROVINCIA DE SAO PEDRO;Avenida Marechal Andrea, 345;Boa Vista  ; 91340-400 Porto Alegre - RS;Privada;>1000;5
ESCOLA DE ED INFANTIL TARTARUGUINHA VERDE;Rua Uruguaiana, 185;Menino Deus  ; 90110-330 Porto Alegre - RS;Privada; 51 e 200;2
ESCOLA DE EDUCACAO INFANTIL PATOTINHA;Rua Catamarca, 93;Jardim Lindoia   ; 91050-170 Porto Alegre - RS;Privada;<50;1
EMEF PRES JOAO BELCHIOR MARQUES GOULART;R Joao Luiz Pufal, 118; Sarandi   ; 91120-530 Porto Alegre - RS;Municipal; 501 e 1000;4
EMEF GRANDE ORIENTE DO RGS;R Wolfram Metzler, 600;Rubem Berta  ; 91250-320 Porto Alegre - RS;Municipal;>1000;5
5191 IEI CASA DA CRIANCA N SRA AUXILIADORA;Rua Felipe Neri, 78;Auxiliadora   ; 90440-150 Porto Alegre - RS;Privada; 51 e 200;2
ESCOLA DE EDUCACAO INFANTIL PE DE FEIJAO;Avenida Bage, 380;Petropolis   ; 90460-080 Porto Alegre - RS;Privada;<50;1
EEF LA SALLE ESMERALDA;Rua Mario Tavares De Souza, 400;Agronomia   ; 91540-150 Porto Alegre - RS;Privada; 501 e 1000;4
5048 IEI HELOISA BECKER;R Sao Manoel, 1909;Rio Branco  ; 90620-110 Porto Alegre - RS;Privada; 51 e 200;2
ASSOC BENEFIC SANTA ZITA DE LUCCA;Rua Batista Xavier, 600;Partenon   ; 90680-120 Porto Alegre - RS;Privada; 51 e 200;2
ESC EDUC INF TIO CHICO;Rua Silvado, 456;Partenon   ; 91510-100 Porto Alegre - RS;Estadual; 51 e 200;2
ESCOLA INFANTIL MELADINHO;Rua Saldanha Marinho, 166; Menino Deus   ; 90160-240 Porto Alegre - RS;Privada;<50;1
EEI PIAZITO;Avenida Praia De Belas, 1948;Praia De Belas ; 90110-000 Porto Alegre - RS;Privada; 51 e 200;2
EEI TAGARELA;Rua Afonso Pena, 115;Azenha   ; 90160-020 Porto Alegre - RS;Privada;<50;1
EMEF LEOCADIA FELIZARDO PRESTES;R Romeu De Vasconcellos Rosa, 10; Vila Nova   ; 91751-370 Porto Alegre - RS;Municipal; 501 e 1000;4
EMEF PROF GILBERTO JORGE GONCALVES DA SILVA;R Morro Alto, 433;Ipanema   ; 91751-650 Porto Alegre - RS;Municipal; 201 e 500;3
EMEF VER CARLOS PESSOA DE BRUM;R Abolicao, 1;Restinga   ; 91790-130 Porto Alegre - RS;Municipal;>1000;5
EMEF VER MARTIM ARANHA;R Conego Paulo Isidoro De Nadal, 1; Santa Tereza   ; 90830-540 Porto Alegre - RS;Municipal; 501 e 1000;4
ESCOLA PANAMERICANA EDUC BASICA;Avenida Joao Obino, 110;Petropolis   ; 90470-150 Porto Alegre - RS;Privada; 201 e 500;3
EMEF LIDOVINO FANTON;R Manoel Faria Da Rosa Primo, 940;Restinga   ; 91790-770 Porto Alegre - RS;Municipal;>1000;5
COLEGIO MURIALDO;Rua Vidal De Negreiros, 417;Sao Jose  ; 91520-480 Porto Alegre - RS;Privada; 501 e 1000;4
EMEF PROF ANA IRIS DO AMARAL;Av Mario Meneghetti, 1000;Morro Santana  ; 91260-190 Porto Alegre - RS;Municipal; 201 e 500;3
EMEF LAURO RODRIGUES;R Dr Marino Abrahao, 240;Passo Das Pedras ; 91230-260 Porto Alegre - RS;Municipal; 501 e 1000;4
EMEF GABRIEL OBINO;Av Eng Ludolfo Boehl, 1402;Gloria   ; 91720-150 Porto Alegre - RS;Municipal; 501 e 1000;4
EEF AMIGOS DO VERDE;Rua Honorio Silveira Dias, 1675;Higienopolis   ; 90540-070 Porto Alegre - RS;Privada; 51 e 200;2
CENTRO DE ENSINO MEDIO PASTOR DOHMS- UNIDADE DE ENSINO ZONA SUL;Avenida Arnaldo Bohrer, 253;Teresopolis   ; 91720-130 Porto Alegre - RS;Privada; 501 e 1000;4
COL MONTEIRO LOBATO - ESC EDUC BASICA;Rua Salomao Dubin, 200;Boa Vista  ; 91340-450 Porto Alegre - RS;Privada; 501 e 1000;4
CENTRO DE ENSINO FUNDAMENTAL PROJETO;Rua Coronel Paulino Teixeira, 394;Rio Branco  ; 90420-160 Porto Alegre - RS;Privada; 51 e 200;2
EMEI SANTO EXPEDITO;R Santo Expedito, 0;Rubem Berta  ; 91180-265 Porto Alegre - RS;Municipal; 51 e 200;2
EEI SINERGIA;Rua Doutor Ney De Almeida Brito, 85;Jardim Lindoia  ; 91050-220 Porto Alegre - RS;Privada;<50;1
EEI TURMINHA DA JU;Rua Bezerra De Menezes, 160;Lomba Do Pinheiro ; 91550-030 Porto Alegre - RS;Privada;<50;1
EEI HAPPY KIDS;Avenida Benno Mentz, 441;Vila Ipiranga  ; 91370-020 Porto Alegre - RS;Privada;<50;1
EEI AMAR E EDUCAR;Rua Germano Bonow Filho, 124;Aberta Dos Morros ; 91787-192 Porto Alegre - RS;Privada;<50;1
5244 EEI NOSSA SENHORA DAS GRACAS;Rua 2A Estrada Otaviano Jose Pinto, 21;Lami   ; 91787-564 Porto Alegre - RS;Privada; 51 e 200;2
5234 EEI JARDIM DE OXUM;Av Dr Joao Dentice, 1045;Restinga   ; RESTINGA 91790-090 Porto Alegre - RS;Privada; 51 e 200;2
EEI PEDACINHO DO CEU;Rua Jose Carlos Braga, 157;Mario Quintana  ; 91270-830 Porto Alegre - RS;Privada;<50;1
5242 ECEI LAVINIA PEREZ;R Bezerra De Menezes, 410;Passo Da Areia ; 91350-130 Porto Alegre - RS;Privada; 51 e 200;2
ESCOLA DE EDUCACAO INFANTIL CONSTRUIR - ZONA SUL;Rua Jose Alves De Castro, 40;Vila Nova  ; 91750-090 Porto Alegre - RS;Privada;<50;1
ESCOLA DE EDUCACAO INFANTIL BOLINHA DE CRISTAL;Rua Silvestre Sauter, 38;Aberta Dos Morros ; 91787-217 Porto Alegre - RS;Privada;<50;1
ESCOLA DE EDUCACAO INFANTIL GALERINHA DO BEM;Avenida Engenheiro Jose Maria De Carvalho, 69;Vila Ipiranga  ; 91360-080 Porto Alegre - RS;Privada;<50;1
ESCOLA DE EDUCACAO INFANTIL SERELEPE;Rua Doutor Pitrez, 80;Aberta Dos Morros ; 91751-530 Porto Alegre - RS;Privada;<50;1
ESCOLA DE EDUCACAO INFANTIL STUDIO SCHOOL;Rua Marques Do Pombal, 386;Moinhos De Vento ; 90540-000 Porto Alegre - RS;Privada;<50;1
ESCOLA DE EDUCACAO INFANTIL AMOR DE AMORA;Rua Almirante Camara, 145;Tristeza   ; 91920-450 Porto Alegre - RS;Privada;<50;1
5245 EEI ENI MEDEIROS;R Attilio Bilibio, 261;Jardim Carvalho  ; 91530-008 Porto Alegre - RS;Privada; 51 e 200;2
EEI CANTINHO DA CRIANCA;Rua Jose Ernesto Nedel, 296;Protasio Alves  ; 91240-640 Porto Alegre - RS;Privada;<50;1
ESCOLA DE EDUCACAO INFANTIL BALAO AZUL UNIDADE FILIAL;Rua Castro Alves, 711;Independencia   ; 90430-131 Porto Alegre - RS;Privada; 51 e 200;2
EMEF SAINT HILAIRE;R Gervazio Braga Pinheiro, 427;Lomba Do Pinheiro ; 91570-490 Porto Alegre - RS;Municipal;>1000;5
EMEF SAO PEDRO;Av Deputado Adao Pretto, 1190;Lomba Do Pinheiro ; 91570-730 Porto Alegre - RS;Municipal;>1000;5
EMEF JOSE MARIANO BECK;Av Joaquim Porto Villanova, 135;Jardim Carvalho  ; 91410-400 Porto Alegre - RS;Municipal; 501 e 1000;4
ESC DE ENS FUND CONSTRUCTOR;Rua Marco Polo, 375;Cristo Redentor  ; 91350-280 Porto Alegre - RS;Privada; 51 e 200;2
COLEGIO LEONARDO DA VINCI-ALFA;Rua Cabral, 521;Rio Branco  ; 90420-121 Porto Alegre - RS;Privada; 501 e 1000;4
COLEGIO LEONARDO DA VINCI- BETA;Avenida Icarai, 1879;Cristal   ; 90810-000 Porto Alegre - RS;Privada; 501 e 1000;4
EMEF JEAN PIAGET;Av Major Manoel Jose Monteiro, 1;Rubem Berta  ; 91170-570 Porto Alegre - RS;Municipal; 501 e 1000;4
ESC DE ENS FUND PROF ANA MARIA MONTEGGIA;Rua Atilio Supertti, 571;Vila Nova  ; 91750-200 Porto Alegre - RS;Privada; 51 e 200;2
COL JOAO PAULO I - UNIDADE SUL;Travessa Pedra Redonda, 400;Ipanema   ; 91760-630 Porto Alegre - RS;Privada; 501 e 1000;4
EMEI NOVA GLEBA;R Guido Alberto Werlang, 747;Rubem Berta  ; 91170-300 Porto Alegre - RS;Municipal; 51 e 200;2
EMEI PROTASIO ALVES;R Aracy Froes, 210;Jardim Sabara  ; 91210-230 Porto Alegre - RS;Municipal; 51 e 200;2
EMEI PADRE ANGELO COSTA;Rua Primeiro De Marco, 300;Vila Sao Jose ; 91520-620 Porto Alegre - RS;Municipal; 51 e 200;2
EMEI JARDIM CAMAQUA;R Jardim Das Bromelias, 1;Camaqua   ; 91920-400 Porto Alegre - RS;Municipal; 51 e 200;2
EMEI DA VILA MAPA II;Rua Pedro Golombiewski, 100;Lomba Do Pinheiro ; 91550-230 Porto Alegre - RS;Municipal; 51 e 200;2
EMEI DA VILA NOVA SAO CARLOS;C Estr Joao De Oliveira Remiao, 1;Lomba Do Pinheiro ; 91560-695 Porto Alegre - RS;Municipal; 51 e 200;2
EMEI PARQUE DOS MAIAS II;R Amauri Cafrune, 149;Rubem Berta  ; 91170-075 Porto Alegre - RS;Municipal; 51 e 200;2
EMEI DOS MUNICIPARIOS TIO BARNABE;R Otto Ernst Meyer, 55;Azenha   ; 90050-060 Porto Alegre - RS;Municipal; 51 e 200;2
EMEI DR WALTER SILBER;Rua Frei Clemente, 150;Vila Sao Jose ; 91520-260 Porto Alegre - RS;Municipal; 51 e 200;2
EMEI DA VILA TRONCO;Av Moab Caldas, 129;Santa Tereza  ; 90880-310 Porto Alegre - RS;Municipal; 51 e 200;2
EMEI DA VILA DA PASCOA;R Loris Jose Isatto, 0; Rubem Berta   ; 91160-160 Porto Alegre - RS;Municipal; 51 e 200;2
EMEI DA VILA NOVA RESTINGA;R Alvaro Difini, 480;Restinga   ; 91790-560 Porto Alegre - RS;Municipal; 51 e 200;2
EMEI FLORENCIA VURLOD SOCIAS;R Ten Arizoly Fagundes, 250;Restinga   ; 91790-520 Porto Alegre - RS;Municipal; 51 e 200;2
EMEI DOM LUIZ DE NADAL;R Dr Carlos Niederauer Hofmeister, 808;Restinga   ; 91790-020 Porto Alegre - RS;Municipal; 51 e 200;2
EMEI VILA NOVA;R Fernando Pessoa, 350;Vila Nova  ; 91750-340 Porto Alegre - RS;Municipal; 51 e 200;2
EMEI MARIA MARQUES FERNANDES;Av Santo Dias Da Silva, 550;Lomba Do Pinheiro ; 91550-500 Porto Alegre - RS;Municipal; 51 e 200;2
EMEI DA VILA FLORESTA;R Monte Alegre, 55;Jardim Floresta; 91040-120 Porto Alegre - RS;Municipal; 51 e 200;2
EMEI DA VILA ELIZABETH;R Paulo Gomes De Oliveira, 120; Sarandi   ; 91120-570 Porto Alegre - RS;Municipal; 51 e 200;2
EMEI VALE VERDE;Bc Franklin, 270;Jardim Sabara  ; 91210-060 Porto Alegre - RS;Municipal; 51 e 200;2
EMEI MARIA HELENA CAVALHEIRO GUSMAO;R Silvino Oliveira, 250;Vila Nova  ; 91750-057 Porto Alegre - RS;Municipal; 51 e 200;2
EMEI DA VILA MAX GEISS;R Antonio Francisco Lisboa, 400;Rubem Berta   ; 91180-040 Porto Alegre - RS;Municipal; 51 e 200;2
EMEI DO JARDIM SALOMONI;R Joaquim De Carvalho, 325; Vila Nova   ; 91740-840 Porto Alegre - RS;Municipal; 51 e 200;2
EMEI JARDIM BENTO GONCALVES;R Sargento Exped Geraldo Santana, 40;Partenon   ; 91530-640 Porto Alegre - RS;Municipal; 51 e 200;2
EMEI ERICO VERISSIMO;R Modesto Franco, 100;Passo Das Pedras ; 91230-100 Porto Alegre - RS;Municipal; 51 e 200;2
EMEI BAIRRO CAVALHADA;R Canela, 180;Cavalhada   ; 91740-190 Porto Alegre - RS;Municipal; 51 e 200;2
EMEF CAMPOS DO CRISTAL;Bc Imperio, 75;Vila Nova  ; 91750-730 Porto Alegre - RS;Municipal; 501 e 1000;4
EMEF WENCESLAU FONTOURA;R Irma Ines Favero, 1;Mario Quintana  ; 91250-095 Porto Alegre - RS;Municipal; 501 e 1000;4
EMEF VILA MONTE CRISTO;Rua Carlos Superti, 84;Vila Nova  ; 91750-020 Porto Alegre - RS;Municipal;>1000;5
EMEI PONTA GROSSA;Estr Retiro Da Ponta Grossa, 3581;Ponta Grossa  ; 91780-590 Porto Alegre - RS;Municipal; 51 e 200;2
EMEI HUMAITA;Rua Dr Caio Brandao De Mello, 1;Humaita   ; 90250-110 Porto Alegre - RS;Municipal; 51 e 200;2
EMEI DA VILA SANTA ROSA;Av Donario Braga, 1; Rubem Berta   ; 91160-360 Porto Alegre - RS;Municipal; 51 e 200;2
EMEI ILHA DA PINTADA;R Garruchos, 0;Arquipelago   ; 90090-080 Porto Alegre - RS;Municipal; 51 e 200;2
EMEF MIGRANTES;Avenida Severo Dullius, 165;Anchieta   ; 90200-310 Porto Alegre - RS;Municipal; 51 e 200;2
EMEI DA VILA VALNERI ANTUNES;Av Martim Felix Berta, 2353;Rubem Berta   ; 91270-650 Porto Alegre - RS;Municipal; 201 e 500;3
EMEF MORRO DA CRUZ;Rua Santa Teresa Vila Sao Jose Comunitaria, 541;Vila Sao Jose ; 91520-713 Porto Alegre - RS;Municipal;>1000;5
EMEF NEUSA GOULART BRIZOLA;R Monsenhor Ruben Neis, 430;Cavalhada   ; 91920-243 Porto Alegre - RS;Municipal; 201 e 500;3
COLEGIO MARISTA IPANEMA;Avenida Coronel Marcos, 1959;Ipanema   ; 91760-000 Porto Alegre - RS;Privada;>1000;5
EMEEF PROF LYGIA MORRONE AVERBUCK;R Sao Josemaria Escriva, 282;Jardim Do Salso   ; 91410-000 Porto Alegre - RS;Municipal; 51 e 200;2
EMEEF PROF ELYSEU PAGLIOLI;R Butui, 221;Cristal   ; 90820-150 Porto Alegre - RS;Municipal; 51 e 200;2
EMEEF PROF LUIZ FRANCISCO LUCENA BORGES;R Claudio Manoel Da Costa, 270;Jardim Sabara  ; 91210-250 Porto Alegre - RS;Municipal; 51 e 200;2
EMEEF TRISTAO SUCUPIRA VIANNA;Av Econ Nilo Wulff, 955;Restinga   ; 91790-000 Porto Alegre - RS;Municipal; 51 e 200;2
ESCOLA ESPECIAL PARA SURDOS FREI PACIFICO;Rua Paulino Chaves, 235;Santo Antonio  ; 90640-200 Porto Alegre - RS;Privada; 51 e 200;2
ESCOLA DE EDUCACAO ESPECIAL DO CENTRO DE REABILITACAO DE PORTO ALEGRE - CEREPAL;Rua Brigadeiro Oliveira Neri, 100;Passo Da Areia ; 90520-260 Porto Alegre - RS;Privada; 51 e 200;2
EMEI OSMAR DOS SANTOS FREITAS;Bc Um Rua Dona Otilia, 497;Santa Tereza  ; 90830-582 Porto Alegre - RS;Municipal; 51 e 200;2
ESC ENS FUND SAO FRANCISCO - SANTA FE;Avenida Delmar Rocha Barbosa, 234;Rubem Berta   ; 91180-490 Porto Alegre - RS;Privada; 51 e 200;2
EEF CRISTA DA BRASA;Avenida Florianopolis, 359;Azenha   ; 90880-460 Porto Alegre - RS;Privada; 51 e 200;2
EMEI PAULO FREIRE;Av Meridional, 0;Restinga Rua Tobago ; 91790-070 Porto Alegre - RS;Municipal; 51 e 200;2
EMEF MARIO QUINTANA;R C Vila Castelo, 1;Restinga   ; 91790-200 Porto Alegre - RS;Municipal; 501 e 1000;4
5054 EEI CASA DA CRIANCA ALGODAO DOCE;R Sao Marcos - Lomba Do Pinheiro, 150;Lomba Do Pinheiro ; 91570-380 Porto Alegre - RS;Privada; 51 e 200;2
5029 EEI CANTINHO DOS PIAS;R Thomaz Francisco De Jesus, 412;Jardim Carvalho  ; 91430-750 Porto Alegre - RS;Privada; 51 e 200;2
5049 IEI BRINCANDO DE CIRANDA;R Jose Madrid, 736;Jardim Carvalho  ; 91430-580 Porto Alegre - RS;Privada;<50;1
EEI CENTRO SOCIAL DA CRIANCA;R Augusto Comte, 80;Cavalhada   ; 91910-370 Porto Alegre - RS;Privada;<50;1
CRECHE SAO FRANCISCO DE ASSIS;Rua Alberto Torres, 194;Cidade Baixa  ; 90050-080 Porto Alegre - RS;Privada;<50;1
ESCOLA DE EDUCACAO INFANTIL TURMINHA DO BARULHO SC LTDA;Rua Waldomiro Schapke, 125;Partenon   ; 91530-390 Porto Alegre - RS;Privada;<50;1
5041 EEI MENSAGEIROS DA LUZ;Trav Cel Antonio Carneiro Pinto, 195;Petropolis   ; 90460-020 Porto Alegre - RS;Privada; 51 e 200;2
5070 IEI CENEAMM 1 DE MAIO;Estr Barcellos, 2268;Cascata   ; 91712-300 Porto Alegre - RS;Privada; 51 e 200;2
5038 IEI NOSSA SENHORA DE FATIMA -BOM JESUS;R Oito Vila Mato Sampaio, 32;Bom Jesus  ; 91420-591 Porto Alegre - RS;Privada; 51 e 200;2
5051 EEI TURMA DO BARULHO;R Tanaui Da Silva Boeira, 209;Lomba Do Pinheiro ; 91570-440 Porto Alegre - RS;Privada; 51 e 200;2
5082 IEI MEDIANEIRA;R Caixa Economica, 320;Santa Tereza  ; 90840-610 Porto Alegre - RS;Privada; 51 e 200;2
5086 EEI ARAPEI;R Arapei, 103;Cristal   ; 90830-470 Porto Alegre - RS;Privada; 51 e 200;2
5024 IEI LAR DA CRIANCA MENINO JESUS DE PRAGA;R Wolfram Metzler, 334;Rubem Berta  ; 91250-320 Porto Alegre - RS;Privada; 51 e 200;2
5069 IEI CRECHE LAR DA CRIANCA;R Nossa Senhora Do Brasil-Santa Teresa, 83;Santa Tereza  ; 90850-510 Porto Alegre - RS;Privada;<50;1
5055 IEI VOVO IDA;Rua Dona Firmina, 1583;Vila Joao Pessoa ; 91520-210 Porto Alegre - RS;Privada; 51 e 200;2
5203 EEI AMIGO GERMANO;R Santana, 1225;Farroupilha   ; 90040-372 Porto Alegre - RS;Privada; 51 e 200;2
5100 IEI ISABEL VIEIRA;Rua Nova Ipanema, 34;Hipica   ; 91755-200 Porto Alegre - RS;Privada; 51 e 200;2
5097 EEI PASSO A PASSO;Rua Morro Alto, 485;Aberta Dos Morros ; 91751-650 Porto Alegre - RS;Privada;<50;1
5019 IEI VOVO CAZEMIRO - CM CRUZEIRO;Rua Cruzeiro Do Sul, 2702;Santa Tereza  ; 90840-000 Porto Alegre - RS;Privada; 201 e 500;3
5035 EEI NOSSA SENHORA APARECIDA VILA PINTO;R J Vila Fatima-Pinto, 220;Bom Jesus  ; 91420-120 Porto Alegre - RS;Privada; 51 e 200;2
5072 IEI AMAVTRON;R Caixa Economica, 633;Santa Tereza  ; 90840-610 Porto Alegre - RS;Privada; 51 e 200;2
5182 EEI CRECHE NAVEGANTES;Av Polonia, 625;Sao Geraldo  ; 90230-110 Porto Alegre - RS;Privada; 51 e 200;2
5003 EEI ESTRELINHA DO CEU;R Ulysses De Alencastro Brandao, 205;Sarandi   ; 91140-400 Porto Alegre - RS;Privada; 51 e 200;2
5053 IEI BALAO MAGICO;Rua Rio Negro - Lomba Do Pinheiro, 59;Lomba Do Pinheiro ; 91570-330 Porto Alegre - RS;Privada; 51 e 200;2
5027 IEI GIRASSOL;R Wolfram Metzler, 567;Rubem Berta  ; 91250-320 Porto Alegre - RS;Privada; 51 e 200;2
5037 IEI AELCA;R Gen Salvador Pinheiro, 799;Vila Jardim  ; 91320-240 Porto Alegre - RS;Privada; 51 e 200;2
5021 EEI GALPAOZINHO;R Dona Beca, 120;Rubem Berta  ; 91150-000 Porto Alegre - RS;Privada; 51 e 200;2
5030 EEI TRES CORACOES;R Dezesseis Vila Mato Sampaio, 623;Bom Jesus  ; 91420-620 Porto Alegre - RS;Privada; 51 e 200;2
5007 IEI EUGENIA CONTE;Rua K, 120;Rubem Berta  ; 91160-170 Porto Alegre - RS;Privada; 51 e 200;2
EMEI MAMAE CORUJA;Av Bento Goncalves, 642;Azenha   ; 90650-000 Porto Alegre - RS;Municipal; 51 e 200;2
5013 IEI SANTA LUIZA;R Irma Maria Jose Trevisan, 30;Farrapos   ; 90250-430 Porto Alegre - RS;Privada; 51 e 200;2
5061 IEI VO BELINHA;Rua Miguel Olvicto Dos Santos, 71;Lomba Do Pinheiro ; 91550-280 Porto Alegre - RS;Privada; 51 e 200;2
5089 EEI VO MARIA;Vila Orfanotrofio Ii, 54;Nonoai   ; 90840-440 Porto Alegre - RS;Privada; 51 e 200;2
5063 IEI NOSSA SENHORA APARECIDA -VILA PINHAL;R Abacateiro, 195;Lomba Do Pinheiro ; 91560-480 Porto Alegre - RS;Privada; 51 e 200;2
5004 EEI ESTRELINHA DO AMANHA;Av Donario Braga, 159;Rubem Berta  ; 91160-360 Porto Alegre - RS;Privada; 51 e 200;2
5042 IEI PIU PIU;R Jacinto Gomes, 683;Santana   ; 90040-270 Porto Alegre - RS;Privada; 51 e 200;2
5017 EEI NEGRINHO DO PASTOREIO;R Wolfram Metzler, 21;Rubem Berta  ; 91250-320 Porto Alegre - RS;Privada; 51 e 200;2
5108 EEI PADRE PEDRO LEONARDI I;Estr Barro Vermelho, 542;Restinga   ; 91790-100 Porto Alegre - RS;Privada; 51 e 200;2
5020 EEI MADRE TERESA;R Wolfram Metzler, 605;Rubem Berta  ; 91250-320 Porto Alegre - RS;Privada; 51 e 200;2
5026 IEI CRIANCA ESPERANCA;R Joao Bravo De Almeida, 101;Sarandi   ; 91180-035 Porto Alegre - RS;Privada; 51 e 200;2
5107 EEI ARCO IRIS I;R Tobago, 1258;Restinga   ; 91790-530 Porto Alegre - RS;Privada; 51 e 200;2
5059 EEI ACOMUR;Rua Vidal De Negreiros, 996;Vila Sao Jose ; 91520-480 Porto Alegre - RS;Privada; 51 e 200;2
5056 EEI PAINEIRAS;Lg Paineiras, 477;Vila Joao Pessoa ; 91510-070 Porto Alegre - RS;Privada; 51 e 200;2
5062 IEI ESTRELA MAGICA;R Santa Catarina Estr Joao De O Remiao, 30;Lomba Do Pinheiro ; 91560-000 Porto Alegre - RS;Privada; 51 e 200;2
5223 IEI SANTA TERESINHA;Av Venancio Aires, 1030;Farroupilha   ; 90040-192 Porto Alegre - RS;Privada; 51 e 200;2
5058 EEI TOPO GIGIO;Rua Sao Jose Vila Sao Jose Comunitaria, 29;Vila Sao Jose ; 91520-470 Porto Alegre - RS;Privada; 51 e 200;2
5066 EEI MEU NENE;R Ernesto Liscano, 195;Agronomia   ; 91540-310 Porto Alegre - RS;Privada; 51 e 200;2
FILHOTINHO CENTRO DE EDUCACAO INFANTIL LTDA;Rua Osmindo Julio Kuhn, 220;Rubem Berta  ; 91180-730 Porto Alegre - RS;Privada;<50;1
5064 EEI RECREIO DA DIVISA;Estr Joao De Oliveira Remiao, 6269;Lomba Do Pinheiro ; 91130-540 Porto Alegre - RS;Privada; 51 e 200;2
YK-ESPACO INFANTIL LTDA;Rua Doutor Prudente De Moraes, 431;Chacara Das Pedras ; 91330-170 Porto Alegre - RS;Privada;<50;1
CRECHE RECANTO DA CRIANCA;Rua Costa Rica, 238;Jardim Lindoia   ; 91050-210 Porto Alegre - RS;Privada; 51 e 200;2
EEI BISPO ISAAC RODRIGUES ACO -CACIM;Avenida Protasio Alves, 0;Petropolis   ; 91310-002 Porto Alegre - RS;Privada;<50;1
5034 IEI ALAN BOM JESUS;R Panama, 324;Bom Jesus  ; 91420-200 Porto Alegre - RS;Privada; 51 e 200;2
EEI FAVINHO DE MEL;Avenida La Paz, 68;Jardim Lindoia   ; 91050-040 Porto Alegre - RS;Privada; 51 e 200;2
CRECHE CIRCO DA FOLIA LTDA;Avenida Elias Cirne Lima, 439; Partenon   ; 91530-310 Porto Alegre - RS;Privada;<50;1
CENTRO INFANTIL SER CRIANCA LTDA;Rua Felipe De Oliveira, 1309;Petropolis   ; 90630-000 Porto Alegre - RS;Privada; 51 e 200;2
ESCOLA DE EDUCACAO INFANTIL CARACOL LTDA;Rua Engenheiro Afonso Cavalcanti, 51;Bela Vista  ; 90440-110 Porto Alegre - RS;Privada; 51 e 200;2
EMEF CHAPEU DO SOL;R Gomercindo De Oliveira, 115;Chapeu Do Sol ; 91787-034 Porto Alegre - RS;Municipal;>1000;5
ALGODAO DOCE EDUCACAO INFANTIL;Rua Artur Fabiao Carneiro, 10;Passo Da Areia ; 91340-030 Porto Alegre - RS;Privada;<50;1
LAR DA PEQUENA CRIANCA;Mae Apolinaria Mathias Batista, 259;Protasio Alves  ; 91450-500 Porto Alegre - RS;Privada;<50;1
CENTRO INFANTIL RECANTO FELIZ-LTDA;Rua Marques Do Pombal, 1077;Moinhos De Vento ; 90540-001 Porto Alegre - RS;Privada;<50;1
5044 EEI CASA DO PEQUENINO;Av Azenha, 366;Azenha   ; 90160-004 Porto Alegre - RS;Privada; 51 e 200;2
ESCOLA DE EDUCACAO INFANTIL CANTINHO DO PIMPOLHO;Rua Nisia Floresta, 270; Restinga   ; 91790-440 Porto Alegre - RS;Privada;<50;1
ESCOLA REI ARTHUR;Rua Luiz Afonso, 565;Cidade Baixa  ; 90050-310 Porto Alegre - RS;Privada;<50;1
CRECHE ESTRELINHA MAGICA;Rua Tarcila Moraes Dutra, 135;Rubem Berta  ; 91170-170 Porto Alegre - RS;Privada;<50;1
ESCOLA DE EDUCACAO INFANTIL MOLEQUE TRAVESSO;Rua General Gomes Carneiro, 287;Medianeira   ; 90870-310 Porto Alegre - RS;Privada;<50;1
5065 IEI ARCO IRIS ENCANTADO;R Guaiba-Lomba Do Pinheiro, 95;Lomba Do Pinheiro ; 91560-640 Porto Alegre - RS;Privada; 51 e 200;2
5091 IEI MADRE BRIGIDA POSTORINO;Bc Flores Vila Tronco Ii, 346;Santa Tereza  ; 90843-462 Porto Alegre - RS;Privada;<50;1
5075 IEI MARIA DOLABELLA PORTELA;R Dona Otilia, 927;Santa Tereza  ; 90830-580 Porto Alegre - RS;Privada; 51 e 200;2
5016 IEI OSICOM I;R Josefa Barreto, 302;Passo Das Pedras ; 91230-080 Porto Alegre - RS;Privada; 51 e 200;2
5067 IEI NOSSA SENHORA DA GLORIA;Claudionor De Morais, 252;Cascata   ; 91710-150 Porto Alegre - RS;Privada; 51 e 200;2
5157 EEI MARISTA RENASCER;R Irmaos Maristas, 1;Mario Quintana  ; 91250-254 Porto Alegre - RS;Privada; 51 e 200;2
5057 EEI CAMPO DA TUCA;Rua D, 200;Partenon   ; 91510-480 Porto Alegre - RS;Privada; 51 e 200;2
5028 EEI SAO VICENTE DE PAULO;R Pedro Raupp, 160;Jardim Itu  ; 91225-080 Porto Alegre - RS;Privada; 51 e 200;2
5204 EEI CRECHE ELSINHA;R Marciano Ribeiro, 83;Medianeira   ; 90870-360 Porto Alegre - RS;Privada; 51 e 200;2
INFANCIAS ESCOLA DE EDUCACAO INFANTIL LTDA;Rua Coronel Fernando Machado, 546;Centro Historico  ; 90010-320 Porto Alegre - RS;Privada;<50;1
CENTRO DE EDUCACAO INFANTIL PROJETO VIDA;Rua Costa Rica, 344;Jardim Lindoia  ; 91050-210 Porto Alegre - RS;Privada;<50;1
ESCOLA DE EDUCACAO INFANTIL MEUS BAIXINHOS;Rua Doutor Pereira Neto, 1077;Tristeza   ; 91920-530 Porto Alegre - RS;Privada;<50;1
JARD D INFANCIA LALILU LETRASIN LTDA EPP;Rua Honorio Silveira Dias, 787;Sao Joao  ; 90550-150 Porto Alegre - RS;Privada; 51 e 200;2
MUNDO DO ABC;Avenida Iguassu, 321;Petropolis   ; 90470-430 Porto Alegre - RS;Privada;<50;1
ESCOLA DE EDUCACAO INFANTIL CORUJINHA SAPECA LTDA;Rua Sao Lucas, 139;Bom Jesus  ; 91420-540 Porto Alegre - RS;Privada;<50;1
CRECHE VOVO OLMIRA LTDA ME;Rua Roque Gonzales, 7;Jardim Botanico  ; 90690-270 Porto Alegre - RS;Privada;<50;1
CENTRO INFANTIL FABRICA DOS SONHOS LTDA;Rua Barbedo, 436;Menino Deus  ; 90110-260 Porto Alegre - RS;Privada;<50;1
ESCOLA DE EDUCACAO INFANTIL RECANTO DO PIA LTDA;Rua Arroio Grande, 253;Cavalhada   ; 91740-180 Porto Alegre - RS;Privada;<50;1
5088 IEI VINDE A MIM AS CRIANCINHAS;Estr Costa Gama, 719;Belem Velho  ; 91787-311 Porto Alegre - RS;Privada; 51 e 200;2
ESCOLA DE EDUCACAO INFANTIL CORACAO MAGICO;Avenida Toledo Piza, 1107;Sarandi   ; 91120-300 Porto Alegre - RS;Privada;<50;1
ESCOLA INFANTIL BICHO CARPINTEIRO-2M LTDA;Rua Doutor Campos Velho, 1400;Cristal   ; 90820-000 Porto Alegre - RS;Privada;<50;1
CREARE CULTURA RECREACAO ARTES E EDUCACAO;Rua Doutor Pereira Neto, 440;Tristeza   ; 91920-530 Porto Alegre - RS;Privada; 51 e 200;2
5109 EEI ANANDA MARGA RESTINGA NOVA 1;Rua Alameda D, 84;Restinga   ; 91790-610 Porto Alegre - RS;Privada;<50;1
5009 IEI SANTA CATARINA;R Josue De Castro, 290;Sarandi   ; 91120-110 Porto Alegre - RS;Privada; 51 e 200;2
5111 EEI ANANDA MARGA BARRO VERMELHO;R Jose De Abreu Fraga, 52;Restinga   ; 91790-095 Porto Alegre - RS;Privada; 51 e 200;2
5083 EEI CASA DE NAZARE CENTRO DE APOIO AO MENOR;R Cel Timoteo, 350;Camaqua   ; 91910-680 Porto Alegre - RS;Privada; 51 e 200;2
5121 IEI NSA SRA APARECIDA IPANEMA;Av Tramandai, 395;Ipanema   ; 91760-050 Porto Alegre - RS;Privada; 51 e 200;2
5132 EEI ANANDA MARGA RESTINGA NOVA 2;Acesso O, 2051; Restinga   ; 91792-260 Porto Alegre - RS;Privada; 51 e 200;2
EEI GIRAFINHA TRAVESSA;Rua Da Republica, 384;Cidade Baixa   ; 90050-320 Porto Alegre - RS;Privada; 51 e 200;2
ESCOLA INFANTIL FAZENDO E ACONTECENDO;Rua Sargento Nicolau Dias De Farias, 568;Tristeza   ; 91900-250 Porto Alegre - RS;Privada; 51 e 200;2
5114 EEI CAPELA NAVEGANTES;Av Guaiba, 3955;Cristal   ; 91900-420 Porto Alegre - RS;Privada;<50;1
CRECHE HAPPY BABY AND KIDS;Rua Visconde Do Rio Branco, 321;Floresta   ; 90570-140 Porto Alegre - RS;Privada;<50;1
CRECHE DESCOBRINDO O MUNDO;Avenida Bastian, 126;Menino Deus  ; 90130-020 Porto Alegre - RS;Privada; 51 e 200;2
CENTRO INFANTIL CONSTRUINDO;Rua Portugal, 266;Sao Joao  ; 90520-310 Porto Alegre - RS;Privada;<50;1
CENTRO INFANTIL TURMA DO GIZ DE CERA;Rua Sofia Veloso, 179;Cidade Baixa  ; 90050-140 Porto Alegre - RS;Privada;<50;1
ESCOLA DE EDUCACAO INFANTIL VOANDO ALTO;Rua Doutor Pereira Neto, 2011;Tristeza   ; 91920-530 Porto Alegre - RS;Privada; 51 e 200;2
5105 EEI ANANDA MARGA RESTINGA VELHA;R Manoel Faria Da Rosa Primo, 779;Restinga   ; 91790-770 Porto Alegre - RS;Privada; 51 e 200;2
5087 IEI NUCLEO SAO FRANCISCO;Bc Um Rua Cel Timoteo, 465;Cavalhada   ; 91910-000 Porto Alegre - RS;Privada; 51 e 200;2
5018 IEI ESPERANCA CORDEIRO;R Julio Stregue, 55;Costa E Silva ; 91180-030 Porto Alegre - RS;Privada; 51 e 200;2
CRECHE BANZE - BEATRIZ REGINA BIFFI;Rua Enfermeiro Ventura, 200;Vila Nova  ; 91750-320 Porto Alegre - RS;Privada;<50;1
EEI LARANJINHA DO CEU;Rua Baden Powell, 168;Sarandi   ; 91110-040 Porto Alegre - RS;Privada;<50;1
EEI PEDACINHO DO CEU SOC SIMPLES;Rua Tapajos, 149;Jardim Sao Pedro ; 91040-410 Porto Alegre - RS;Privada;<50;1
EEI ESTACAO DA FELICIDADE;Rua Washington Luiz, 548;Centro Historico  ; 90010-460 Porto Alegre - RS;Privada;<50;1
ESCOLA DE EDUCACAO INFANTIL VOVO MARGARIDA LTDA;Avenida Teresopolis, 3611;Teresopolis   ; 90870-001 Porto Alegre - RS;Privada;<50;1
5110 EEI ANANDA MARGA JUCA BATISTA;Av Juca Batista, 6841;Ipanema   ; 91770-001 Porto Alegre - RS;Privada; 51 e 200;2
EEI ARTE E MANHA;Avenida Da Cavalhada, 1977;Cavalhada   ; 91740-001 Porto Alegre - RS;Privada;<50;1
5008 EEI JOANA DARC;R Vinte Quatro De Agosto Vl Minuano, 375;Sarandi   ; 91110-560 Porto Alegre - RS;Privada; 51 e 200;2
5036 EEI MUNDO CRIANCA;Rua 4, 62;Morro Santana  ; 91450-430 Porto Alegre - RS;Privada; 51 e 200;2
5006 EEI TRENZINHO DA ALEGRIA;R Senhor Do Bom Fim, 956;Sarandi   ; 91140-380 Porto Alegre - RS;Privada;<50;1
5043 IEI LUPICINIO RODRIGUES;R Almirante Alvaro A Da Motta E Silva, 200;Menino Deus  ; 90160-130 Porto Alegre - RS;Privada; 51 e 200;2
5005 IEI VILA UNIAO;Av Vinte Um De Abril, 1470;Sarandi   ; 91120-630 Porto Alegre - RS;Privada; 51 e 200;2
5102 IEI RENASCER VILA AMERICA;R Roberto Felix Bertoi, 25;Camaqua   ; 91910-540 Porto Alegre - RS;Privada; 51 e 200;2
EMEF TIMBAUVA;R Seis, 0;Mario Quintana  ; 91250-000 Porto Alegre - RS;Municipal; 501 e 1000;4
ESCOLA DE EDUCACAO INFANTIL FLORESTINHA - HIPICA;Rua Baldoino Bottini, 197;Hipica   ; 91787-775 Porto Alegre - RS;Privada;<50;1
ESCOLA SEMEANDO CARINHO;Rua Alvaro Pedro Da Rosa, 250;Hipica   ; 91755-190 Porto Alegre - RS;Privada;<50;1
EEI TERRITORIOS DO APRENDER;Rua Umbu, 219;Passo Da Areia ; 91350-100 Porto Alegre - RS;Privada;<50;1
5040 IEI SAGRADA FAMILIA;Rua 05 V. Laranjeiras, 174;Morro Santana   ; 174 MORRO SANTANA 91310-001 Porto Alegre - RS;Privada; 51 e 200;2
5052 EEI SAO PEDRO;Rua Padre Roque Gonzales, 315;Lomba Do Pinheiro   ; 91570-170 Porto Alegre - RS;Privada;<50;1
5084 EEI CANTINHO DA CRIANCA;Rua Adao Araujo, 81;Coronel Aparicio Borges; 91710-560 Porto Alegre - RS;Privada; 51 e 200;2
BOLA E BAMBOLE LTDA;Rua Vicente Da Fontoura, 885;Rio Branco  ; 90640-001 Porto Alegre - RS;Privada;<50;1
5045 EEI SOMAI;R Bom Jesus, 610;Bom Jesus  ; 91420-030 Porto Alegre - RS;Privada; 51 e 200;2
5071 EEI CRIANCA FELIZ;R Canudos, 625;Cascata   ; 91712-340 Porto Alegre - RS;Privada; 51 e 200;2
EEI CILIKA;Rua Chico Pedro, 308;Cristal   ; 91910-530 Porto Alegre - RS;Privada;<50;1
CRECHE BALAO VERMELHO;Rua Barao De Cerro Largo, 93;Menino Deus  ; 90850-110 Porto Alegre - RS;Privada;<50;1
CLUBINHO DA CRIANCA - BERENICE AMORIM DE AMORIM -ME;Rua Ledo Guimaraes Mariante, 235;Protasio Alves  ; 91250-190 Porto Alegre - RS;Privada;<50;1
5060 IEI MURIALDO;Travessa Sao Joao, 57;Vila Sao Jose ; 91520-560 Porto Alegre - RS;Privada; 51 e 200;2
5031 IEI TIA ROSA;R Cinco Vila Valneri Antunes, 10;Mario Quintana  ; 91260-350 Porto Alegre - RS;Privada; 51 e 200;2
PRE-ESCOLA PARAISO DOS BAIXINHO;Avenida Da Cavalhada, 5210;Cavalhada   ; 91751-831 Porto Alegre - RS;Privada;<50;1
5033 IEI ALAN MARIA TEREZA;Av Dez De Maio, 265;Passo Das Pedras ; 91230-480 Porto Alegre - RS;Privada; 51 e 200;2
5050 EEI NSA SRA APARECIDA SAO PEDRO;Av Ipiranga, 5229;Praia De Belas   ; 90160-092 Porto Alegre - RS;Privada; 51 e 200;2
5073 EEI MATO GROSSO;Rua Octavio De Souza, 1818;Teresopolis   ; 90840-350 Porto Alegre - RS;Privada; 51 e 200;2
BERCARIO CRECHE E RECREACAO NENECA;Rua Faria Santos, 248;Petropolis   ; 90670-100 Porto Alegre - RS;Privada;<50;1
5112 EEI SANTA CATARINA DA RESTINGA;Av Luiz Francisco Zanella, 1001;Restinga   ; 91790-800 Porto Alegre - RS;Privada; 51 e 200;2
5002 IEI JOAO PAULO II;R Frederico Mentz, 118;Farrapos   ; 90250-370 Porto Alegre - RS;Privada; 51 e 200;2
5001 IEI MAEZINHA DO CEU;R Vinte Cinco De Outubro, 295;Sarandi   ; 91140-500 Porto Alegre - RS;Privada; 51 e 200;2
5081 EEI BRIZOLINHA;Av Arroio Dos Padres, 130;Cascata   ; 91712-390 Porto Alegre - RS;Privada;<50;1
CRECHE E RECREACAO LAGO DO CISNE LTDA;Rua Comendador Rodolfo Gomes, 263;Menino Deus  ; 90150-101 Porto Alegre - RS;Privada;<50;1
5106 EEI NOVA SANTA RITA;R Tobago, 570;Restinga   ; 91790-530 Porto Alegre - RS;Privada; 51 e 200;2
5074 IEI BOA ESPERANCA;Rua Osmar Santos Freitas, 40;Santa Tereza  ; 90840-405 Porto Alegre - RS;Privada; 51 e 200;2
5117 EEI NOSSA SENHORA APARECIDA LOT MARIANTE;R Honduras, 19;Belem Velho  ; 91787-302 Porto Alegre - RS;Privada; 51 e 200;2
5077 EEI NOSSA SENHORA DE NAZARE-DOM ORIONE;R Euclides De Almeida, 20;Santa Tereza  ; 90840-640 Porto Alegre - RS;Privada; 51 e 200;2
5116 IEI COLORINDO MEU DIA;R Jose Luiz Martins Costa, 1001;Mario Quintana  ; 91250-330 Porto Alegre - RS;Privada; 51 e 200;2
5076 EEI DOM ORIONE;R Ursa Maior, 215;Cristal   ; 90820-200 Porto Alegre - RS;Privada; 51 e 200;2
5010 IEI ACOMPAR NUCLEO II - SANTO AGOSTINHO;Av Caldeia, 210;Sarandi   ; 91130-540 Porto Alegre - RS;Privada; 51 e 200;2
ESCOLA DE EDUCACAO INFANTIL AQUI EU FICO;Rua Eca De Queiroz, 129; Petropolis   ; 90670-020 Porto Alegre - RS;Privada; 51 e 200;2
5023 EEI VO ANA;R Jose Luiz Martins Costa, 200;Mario Quintana  ; 91250-330 Porto Alegre - RS;Privada; 51 e 200;2
5085 EEI BATILANOS;Estr Batillanas, 1005;Cascata   ; 91712-310 Porto Alegre - RS;Privada;<50;1
5032 IEI JERUSALEM BEITH SHALOM;Av Vitoria, 35;Passo Das Pedras ; 91225-040 Porto Alegre - RS;Privada; 51 e 200;2
5113 EEI ANJINHO DA GUARDA;R Domingos De Abreu, 290;Sarandi   ; 91120-090 Porto Alegre - RS;Privada; 51 e 200;2
5012 EEI JESUS O BOM PASTOR;R Dona Teodora, 160;Farrapos   ; 90240-300 Porto Alegre - RS;Privada; 51 e 200;2
5046 IEI NSA SRA DE FATIMA NOVO MUNDO;Av Martim Felix Berta, 2575;Rubem Berta  ; 91270-650 Porto Alegre - RS;Privada; 51 e 200;2
5115 IEI SANTA ANITA;R Menezes Paredes, 425;Nonoai   ; 90830-070 Porto Alegre - RS;Privada; 51 e 200;2
ESCOLA DE EDUCACAO INFANTIL BICHINHO DA GOIABA;Rua Jenor Cardoso Jarros, 235;Jardim Itu Sabara ; 91215-200 Porto Alegre - RS;Privada;<50;1
REINO DA FANTASIA CENTRO DE CRIATIVIDADE E RECREAC;Avenida Valado, 401;Vila Joao Pessoa ; 91510-740 Porto Alegre - RS;Privada;<50;1
ESCOLA DE EDUCACAO INFANTIL ESPACO BRINCAR;Rua Adao Baino, 542;Cristo Redentor  ; 91350-240 Porto Alegre - RS;Privada;<50;1
EEI CENTRO ADM FERNANDO FERRARI;Avenida Borges De Medeiros, 1501;Praia De Belas ; 90119-900 Porto Alegre - RS;Estadual; 51 e 200;2
ESCOLA INFANTIL VIVER E CONVIVER;Rua Gomes Jardim, 506;Santana   ; 90620-130 Porto Alegre - RS;Privada;<50;1
ESCOLA DE EDUCACAO INFANTIL CICLA;Rua Machado De Assis, 945;Partenon   ; 90620-260 Porto Alegre - RS;Privada;<50;1
INSTITUICAO DE EDUCACAO INFANTIL GATINHO TRAVESSO;Rua Coronel Corte Real, 246;Petropolis   ; 90630-080 Porto Alegre - RS;Privada;<50;1
EEI ARQUITETO BATISTTINO ANELE-DAER;Avenida Borges De Medeiros, 1555;Praia De Belas   ; 90110-150 Porto Alegre - RS;Estadual; 51 e 200;2
ESCOLA DE EDUCACAO INFANTIL REINO DOS BAIXINHOS;Av Protasio Alves, 8383;Morro Santana  ; 91310-010 Porto Alegre - RS;Privada;<50;1
CRECHE WERNER SCHWUCHOW;Rua Ramiro Barcelos, 910;Floresta   ; 90035-001 Porto Alegre - RS;Privada; 51 e 200;2
BABY E CIA;Avenida Nonoai, 205;Nonoai   ; 91720-000 Porto Alegre - RS;Privada;<50;1
EEI GIRASSOL DO APRENDER;Avenida Clemenciano Barnasque, 460;Teresopolis   ; 91720-260 Porto Alegre - RS;Privada;<50;1
ESCOLA DE EDUCACAO INFANTIL ARTE BABY LTDA;Rua Ariovaldo Pinheiro, 84;Passo Da Areia ; 91350-120 Porto Alegre - RS;Privada;<50;1
EEI PROJETO PENSAR;Rua Luiz De Camoes, 172;Santo Antonio   ; 90620-150 Porto Alegre - RS;Privada;<50;1
INSTITUICAO DE EDUCACAO INFANTIL TOK DO SABER;Avenida Brasil, 312;Navegantes   ; 90230-060 Porto Alegre - RS;Privada;<50;1
ESCOLA DE EDUCACAO INFANTIL BEBE FOFINHO;Rua General Caldwell, 688;Menino Deus  ; 90130-050 Porto Alegre - RS;Privada;<50;1
ESCOLA DE EDUCACAO INFANTIL CONSTRUIR;Rua Luiz Afonso, 323;Cidade Baixa   ; 90050-310 Porto Alegre - RS;Privada;<50;1
CENTRO INFANTIL AMIGUINHOS DA PRACA LTDA;Praca Japao, 203;Boa Vista   ; 91340-380 Porto Alegre - RS;Privada; 51 e 200;2
ESC ENS FUND TURMA DO BARULHO;Avenida Presidente Vargas, 1650;Arquipelago   ; 90090-000 Porto Alegre - RS;Privada; 51 e 200;2
ESCOLA DE EDUCACAO INFANTIL DENTE DE LEITE;Rua Professora Zilah Totta, 193;Protasio Alves   ; 91240-500 Porto Alegre - RS;Privada;<50;1
BERCARIO CRECHE RECREACAO CISNE BRANCO LTDA;Avenida Bastian, 467;Menino Deus  ; 90130-021 Porto Alegre - RS;Privada;<50;1
INSTITUICAO DE EDUCACAO INFANTIL BRILHO DE SOL;Rua Almirante Barroso, 511;Floresta   ; 90220-021 Porto Alegre - RS;Privada;<50;1
ESCOLA DE EDUCACAO INFANTIL MUNDO DA CRIANCA;Avenida Salvador Leao, 391;Sarandi   ; 91130-700 Porto Alegre - RS;Privada;<50;1
CENTRO EDUCACIONAL BALAO AZUL;Rua Castro Alves, 300;Independencia   ; 90430-130 Porto Alegre - RS;Privada; 51 e 200;2
PEQUENO GENIO CRIATIVIDADE E LAZER LTDA;Rua Marechal Mallet, 38;Vila Joao Pessoa ; 91520-600 Porto Alegre - RS;Privada; 51 e 200;2
EEI MUNDO MAGICO;Rua Vicente Da Fontoura, 1068;Rio Branco   ; 90640-000 Porto Alegre - RS;Privada; 51 e 200;2
ESCOLA DE EDUCACAO INFANTIL LAR DO BEBE PUPILEIRA;Rua Fernando Gomes, 156;Moinhos De Vento ; 90510-010 Porto Alegre - RS;Privada; 51 e 200;2
ESCOLINHA EDUCACIONAL INFANTIL DESIDERIO DE PAOLI;Rua Tenente Ary Tarrago, 1825;Protasio Alves   ; 91225-001 Porto Alegre - RS;Privada;<50;1
INSTITUICAO DE EDUCACAO INFANTIL HOTELZINHO;Rua Professor Langendonck, 75;Petropolis   ; 90630-060 Porto Alegre - RS;Privada;<50;1
ESC DE EDUC INF MIMO DE GENTE SOC SIMP LTDA ME;Rua Edmundo Bastian, 206;Cristo Redentor  ; 91040-050 Porto Alegre - RS;Privada; 51 e 200;2
5119 EEI CRIANCA CIDADA;Av Adelino Ferreira Jardim, 280;Rubem Berta  ; 91250-310 Porto Alegre - RS;Privada; 51 e 200;2
5133 EEI AMOVIR;R Eng Oscar De Oliveira Ramos, 1411;Restinga   ; 91790-050 Porto Alegre - RS;Privada; 51 e 200;2
ESCOLA EDUCACAO INFANTIL DOCE MEL;Avenida General Barreto Viana, 681;Chacara Das Pedras ; 91330-630 Porto Alegre - RS;Privada; 51 e 200;2
ESCOLA DE EDUCACAO INFANTIL DA MONICA;Rua Guilherme Klippel, 244;Passo Da Areia ; 91350-160 Porto Alegre - RS;Privada; 51 e 200;2
ESCOLA DE EDUCACAO INFANTIL COTIDIANA;Rua Francisco Ferrer, 456;Rio Branco  ; 90420-140 Porto Alegre - RS;Privada; 51 e 200;2
5120 EEI MEDIANEIRA NOSSO SONHO I;R Jary, 119; Passo Da Areia   ; 91350-170 Porto Alegre - RS;Privada; 51 e 200;2
EEI BRINCAR E APRENDER;Rua Garibaldi, 800;Independencia   ; 90035-051 Porto Alegre - RS;Privada; 51 e 200;2
ESCOLA DE EDUCACAO INFANTIL CANTO DOS ANJOS LTDA;Rua Pelotas, 444;Floresta   ; 90220-110 Porto Alegre - RS;Privada;<50;1
EEI TEICHMANN E RITTER LTDA;Rua Marques Do Herval, 625;Moinhos De Vento ; 90570-140 Porto Alegre - RS;Privada;<50;1
CENTRO ATENDIMENTO INFANTIL TURMA DO MORANGUINHO;Av Assis Brasil, 131;Passo Da Areia   ; 91120-280 Porto Alegre - RS;Privada;<50;1
5131 IEI SAO VICENTE DE PAULO;Av Presidente Franklin Roosevelt, 910;Sao Geraldo  ; 90230-002 Porto Alegre - RS;Privada; 51 e 200;2
ESCOLA DE EDUCACAO INFANTIL VIVER E APRENDER;Rua Mura, 436;Guaruja   ; 91770-570 Porto Alegre - RS;Privada;<50;1
EEI SEMEANDO O SABER;Rua Luiz Cezar Leal, 240;Rubem Berta  ; 91170-140 Porto Alegre - RS;Privada; 51 e 200;2
CENTRO INFANTIL RECANTO MIMOSO LTDA;Rua Dona Leopoldina, 270;Sao Joao  ; 90550-130 Porto Alegre - RS;Privada;<50;1
5128 IEI TIA HELENA;R Cristal Da Paz, 180;Mario Quintana  ; 91270-844 Porto Alegre - RS;Privada; 51 e 200;2
5224 IEI DOM DADEUS GRINS;Bc Vitoria, 1460;Lageado   ; 91787-220 Porto Alegre - RS;Privada; 51 e 200;2
5130 IEI TECNOBABY;R Maria Trindade, 115;Farrapos   ; 90250-275 Porto Alegre - RS;Privada; 51 e 200;2
5156 IEI LAR ESPERANCA;R Deodoro, 250;Mario Quintana  ; 91260-370 Porto Alegre - RS;Privada; 51 e 200;2
ESCOLA DE EDUCACAO INFANTIL MORANGUINHO EREILI;Rua Rezende Costa, 360;Sarandi   ; 91120-280 Porto Alegre - RS;Privada;<50;1
5099 EEI AMIGO SPINELLI;R Dona Paulina, 700;Tristeza   ; 91920-030 Porto Alegre - RS;Privada; 51 e 200;2
DESPERTAR EDUCACAO INFANTIL LTDA;Rua Armando Pereira Camara, 110;Petropolis   ; 90470-070 Porto Alegre - RS;Privada; 51 e 200;2
E E I SAO FRANCISCO - ZONA SUL;Avenida Copacabana, 1171;Tristeza   ; 91900-050 Porto Alegre - RS;Privada;<50;1
ESCOLA DE EDUCACAO INFANTIL VAMOS CRESCER;Rua Comendador Castro, 473;Ipanema   ; 91760-200 Porto Alegre - RS;Privada;<50;1
ESCOLA DE EDUCACAO INFANTIL CACHINHOS DOURADOS LTDA;Avenida Major Manoel Jose Monteiro, 345;Rubem Berta  ; 91170-570 Porto Alegre - RS;Privada;<50;1
ESCOLA DE EDUCACAO INFANTIL TURMA DO PIU-PIU;Avenida Ignes Fagundes, 541;Restinga   ; 91790-010 Porto Alegre - RS;Privada; 51 e 200;2
5123 EEI GOTINHAS DE AMOR;Rua Dra Vera Glusman Knijnik, 40;Vila Conceicao  ; 91920-073 Porto Alegre - RS;Privada;<50;1
EMEF NOSSA SENHORA DO CARMO;R Bispo Marino Prudencio Moreira, 95;Restinga   ; 91790-206 Porto Alegre - RS;Municipal; 501 e 1000;4
5127 EEI VILA GAUCHA;R Dona Maria, 50;Santa Tereza  ; 90850-280 Porto Alegre - RS;Privada; 51 e 200;2
5124 EEI ANTONIO GIANELLI - LOT CAVALHADA;R Monsenhor Ruben Neis, 731;Cavalhada   ; 91920-000 Porto Alegre - RS;Privada; 51 e 200;2
5129 IEI RENOVAR DA ESPERANCA II;Rua 7153, 100;Restinga   ; 90001-970 Porto Alegre - RS;Privada; 51 e 200;2
5158 IEI ESCOLA DA VIDA;R Cruzeiro Do Sul, 2873;Santa Tereza   ; 90840-000 Porto Alegre - RS;Privada; 51 e 200;2
ESC EDUC INF UNIVERSO MAGICO;Rua Ney Messias, 55;Jardim Do Salso   ; 91410-120 Porto Alegre - RS;Privada; 51 e 200;2
EEI LALILU LETRASIN LTDA EPP;Rua Adao Baino, 587;Cristo Redentor  ; 91350-240 Porto Alegre - RS;Privada; 51 e 200;2
ESCOLA DE EDUCACAO INFANTIL RECRIAR;Rua Landel De Moura, 1389;Tristeza   ; 91920-150 Porto Alegre - RS;Privada;<50;1
ESC EDUC INF CADE O AUAU LTDA;Rua Goncalo De Carvalho, 412;Floresta   ; 90560-003 Porto Alegre - RS;Privada; 51 e 200;2
ESC EDUC INF NOVA GERACAO;Avenida General Emilio Lucio Esteves, 103;Santa Maria Goretti ; 91030-290 Porto Alegre - RS;Privada;<50;1
5136 IEI UNIAO ESPERANCA;Rua Americana, 90;Belem Velho  ; 91787-380 Porto Alegre - RS;Privada; 51 e 200;2
5163 EEI PLANETA INFANTIL;Acesso A, 3036;Restinga   ; 91793-020 Porto Alegre - RS;Privada; 51 e 200;2
CENTRO INFANTIL A PEQUENA SEREIA;Rua Doutor Mario Totta, 2764;Tristeza   ; 91920-130 Porto Alegre - RS;Privada;<50;1
ESTACAO CRIANCA;Praca Libaneza, 40;Jardim Lindoia  ; 91050-050 Porto Alegre - RS;Privada;<50;1
5135 EEI ANTONIO GIANELLI;Rua B Africa Do Sul, 7;Belem Velho  ; 91787-351 Porto Alegre - RS;Privada; 51 e 200;2
ESC EDUC INF A TURMA DO BARULHO;Rua Marechal Mallet, 306;Vila Joao Pessoa ; 91520-600 Porto Alegre - RS;Privada;<50;1
5134 EEI PE DE PILAO;R Seiscentos Noventa Oito, 104;Farrapos   ; 90250-596 Porto Alegre - RS;Privada; 51 e 200;2
ESC ENS FUND CENTRO INTEGRADO DE DESENVOLVIMENTO;Rua Fernandes Vieira, 553;Bom Fim  ; 90035-091 Porto Alegre - RS;Privada; 51 e 200;2
ESCOLA INFANTIL AQUARELA;Rua Joao Alfredo, 299;Cidade Baixa  ; 90050-230 Porto Alegre - RS;Privada;<50;1
EEI DO SESC - SESQUINHO NAVEGANTES;Avenida Brasil, 483;Navegantes   ; 90230-061 Porto Alegre - RS;Privada; 51 e 200;2
EEI ESPACO CRIATIVO;Rua Filadelfia, 150;Sao Joao  ; 90550-060 Porto Alegre - RS;Privada;<50;1
5200 EEI A CAMINHO DO SOL;R Dr Antonio Mazzaferro Neto, 443;Aberta Dos Morros ; 91787-196 Porto Alegre - RS;Privada; 51 e 200;2
EEI DOCE CARAMELO;Praca Joao Bergmann, 235;Vila Assuncao  ; 91900-070 Porto Alegre - RS;Privada;<50;1
EEI ENGENHEIRINHO;Av Cel Marcos, 163;Pedra Redonda  ; 91770-000 Porto Alegre - RS;Privada;<50;1
ESCOLA EDUCACAO INFANTIL ARTE CARINHO;Rua Doutor Eduardo Chartier, 463;Passo Da Areia   ; 90520-100 Porto Alegre - RS;Privada; 51 e 200;2
ESC EDUC INF SEMENTINHA DE VIDA;Rua Almirante Goncalves, 84;Menino Deus  ; 90160-140 Porto Alegre - RS;Privada;<50;1
5142 IEI CRESCER COM LAZER;Av Irmao Faustino Joao, 59;Rubem Berta  ; 91250-690 Porto Alegre - RS;Privada; 51 e 200;2
BIZUCA ESCOLA DE EDUCACAO INFANTIL;Avenida Engenheiro Ludolfo Boehl, 482;Teresopolis   ; 91720-150 Porto Alegre - RS;Privada;<50;1
EEI GIRASSOL;Rua Souza Lobo, 1352;Vila Jardim  ; 91320-320 Porto Alegre - RS;Privada;<50;1
ESC EDUC INF FILHOS DO SABER;Rua Cancio Gomes, 567;Floresta   ; 90220-060 Porto Alegre - RS;Privada;<50;1
ESC EDUC INF REDENCAO;Rua Doutor Barcelos, 2750;Tristeza   ; 91910-251 Porto Alegre - RS;Privada;<50;1
ESC EDUC INF BELA INFANCIA;Rua Coronel Joao Leite Filho, 92;Ipanema   ; 91760-080 Porto Alegre - RS;Privada;<50;1
ESCOLA EDUCACAO INFANTIL ESPACO FELIZ LTDA-ME;Rua Pedro Ivo, 511;Mont Serrat  ; 90450-210 Porto Alegre - RS;Privada;<50;1
ESC EDUC INF CIA DA CRIANCA;Rua Doutor Joao Simplicio Alves De Carvalho, 607;Vila Ipiranga  ; 91360-260 Porto Alegre - RS;Privada;<50;1
NOSSA CRECHE RECREACOES INFANTIS LTDA;Avenida Coronel Lucas De Oliveira, 299;Petropolis   ; 90440-011 Porto Alegre - RS;Privada;<50;1
EEI FAZENDO ARTE;Rua Doutor Campos Velho, 1741/1751;Cristal   ; 90820-001 Porto Alegre - RS;Privada; 51 e 200;2
CINCO ESTRELINHAS ESC EDUC INF;Avenida Nova York, 335;Auxiliadora   ; 90550-070 Porto Alegre - RS;Privada;<50;1
5199 EEI MUNDO DA IMAGINACAO;Av Moab Caldas, 33;Santa Tereza  ; 90880-310 Porto Alegre - RS;Privada; 51 e 200;2
ESC EDUC INF PEQUENINOS;Rua Frei Henrique Golland Trindade, 330;Boa Vista  ; 90480-140 Porto Alegre - RS;Privada;<50;1
BK ESCOLA DE EDUCACAO INFANTIL;Rua Paulo Blaschke, 125;Jardim Itu Sabara ; 91225-230 Porto Alegre - RS;Privada;<50;1
ESC EDUC ESPECIAL BARBARA SYBILLE FISCHINGER;Rua Marcone, 421;Partenon   ; 91530-160 Porto Alegre - RS;Privada; 51 e 200;2
CENTRO DE EDUCACAO INFANTIL CONSTRUINDO SABER;Avenida Nova York, 130;Auxiliadora   ; 90550-070 Porto Alegre - RS;Privada; 51 e 200;2
EEI VIVENDO E APRENDENDO;Avenida Toledo Piza, 690;Sarandi   ; 91120-300 Porto Alegre - RS;Privada;<50;1
ESCOLA EDUC INF CRESCENDO FELIZ;Rua Derocy Giacomo Da Silva, 150;Vila Nova  ; 91750-290 Porto Alegre - RS;Privada;<50;1
5139 IEI ACOMPAR NUCLEO III;Rua Joao Paris, 1107;Sarandi   ; 91160-440 Porto Alegre - RS;Privada; 51 e 200;2
5141 EEI ABRASCE LOTEAMENTO PAMPA;R Vereador Eloy Martins, 103;Farrapos   ; 90250-264 Porto Alegre - RS;Privada; 51 e 200;2
EEI ALGODAO DOCE;Rua Jose Ferreira Jardim, 360;Sarandi   ; 91140-480 Porto Alegre - RS;Privada;<50;1
5146 EEI CHACRINHA;R Hortencio Machado De Lima, 48;Restinga   ; 91790-620 Porto Alegre - RS;Privada; 51 e 200;2
EEI ESPACO CRIANCA;Rua Hermeto Bermudez, 475;Protasio Alves   ; 91250-040 Porto Alegre - RS;Privada;<50;1
CENTRO INFANTIL ALGODAO DOCE;Rua Gomes De Freitas, 230;Jardim Itu Sabara ; 91380-000 Porto Alegre - RS;Privada;<50;1
EEI GENTE MIUDINHA;Rua Mali, 787;Vila Ipiranga   ; 91370-230 Porto Alegre - RS;Privada; 51 e 200;2
5145 IEI PRINCESA ISABEL;Av Joao Pessoa, 2301;Azenha   ; 90040-001 Porto Alegre - RS;Privada; 51 e 200;2
5183 EEI FAVO DE MEL VILA ELIZABETH;R Vidal Barbosa, 1075;Sarandi   ; 91120-340 Porto Alegre - RS;Privada; 51 e 200;2
EEI EDUCARE;Rua Vitorio Francisco Giordani, 165;Jardim Itu Sabara ; 91220-490 Porto Alegre - RS;Privada;<50;1
5138 IEI BRINCANDO E APRENDENDO;R Monsenhor Severino Brun, 65; Farrapos   ; 90245-308 Porto Alegre - RS;Privada; 51 e 200;2
COLEGIO ROMANO SENHOR BOM JESUS;Rua Noel Rosa, 223;Jardim Itu Sabara ; 91210-110 Porto Alegre - RS;Privada; 501 e 1000;4
ESCOLA MOINHO - ESCOLA INFANTIL;Avenida Soledade, 285;Petropolis   ; 90470-340 Porto Alegre - RS;Privada;<50;1
5140 EEI JESUS MENINO;Rua C, 4;Restinga   ; 91790-110 Porto Alegre - RS;Privada; 51 e 200;2
5168 EEI TIA BETH;R Vinte Sete Vila Mato Sampaio, 125;Bom Jesus  ; 91420-634 Porto Alegre - RS;Privada; 51 e 200;2
APRENDENDO A CRESCER;Rua Professor Juvenal Miler, 122;Rio Branco  ; 90420-230 Porto Alegre - RS;Privada;<50;1
ESCOLA DE EDUCACAO INFANTIL RISCOS E RABISCOS;Rua Altamira, 150;Alto Petropolis  ; 91450-000 Porto Alegre - RS;Privada;<50;1
EEI ARTE E TRAVESSURA;Rua Doutor Joao Simplicio Alves De Carvalho, 335;Vila Ipiranga  ; 91360-260 Porto Alegre - RS;Privada; 51 e 200;2
CASTELINHO APRENDENDO A CRESCER;Rua Ernestina Amaro Torelly, 200;Jardim Carvalho  ; 91430-100 Porto Alegre - RS;Privada;<50;1
5243 EEI ANANDA MARGA BELEM NOVO;R Eustaquio Inacio Da Silveira, 290;Belem Novo  ; 91780-110 Porto Alegre - RS;Privada; 51 e 200;2
5248 ECEI SANTA BARBARA;Av Principal Da Ponta Grossa, 44;Ponta Grossa  ; 91787-010 Porto Alegre - RS;Privada;<50;1
5247 ECEI IRMAO FRANCISCO PEREZ;R Mississipi, 130;Restinga   ; 91790-430 Porto Alegre - RS;Privada;<50;1
EEI INTERAGIR;Rua Doutor Pereira Neto, 84;Tristeza   ; 91920-530 Porto Alegre - RS;Privada;<50;1
EEI GATINHO DO MATO;Rua Xavier Da Cunha, 491;Nonoai   ; 90830-430 Porto Alegre - RS;Privada;<50;1
EEI ESPACO LIVRE;Rua Alfredo Silveira Dias, 199;Nonoai   ; 90830-180 Porto Alegre - RS;Privada;<50;1
5246 ECEI BUSCANDO O SABER;Avenida Joao Antonio Silveira, 1730;Restinga   ; 91792-800 Porto Alegre - RS;Privada;<50;1
EEI AMIGUINHOS DO PLANETA;Avenida Ceara, 1640;Sao Joao  ; 90240-512 Porto Alegre - RS;Privada;<50;1
EEI JOANINHAS TRAVESSAS;Rua Dos Biazetto, 100;Campo Novo  ; 91750-063 Porto Alegre - RS;Privada;<50;1
ESCOLA DE EDUCACAO INFANTIL PRIMEIRA FASE DO SABER;Rua Padre Alois Kades, 130;Vila Ipiranga  ; 91370-160 Porto Alegre - RS;Privada;<50;1
ESC EDUC INF PAIXAO DE APRENDER;Avenida Panamericana, 877;Jardim Lindoia  ; 91050-001 Porto Alegre - RS;Privada;<50;1
ESC EDUC INF BANANINHA;Rua Oliveira Lopes, 389;Sarandi   ; 91120-430 Porto Alegre - RS;Privada;<50;1
CARROSSEL RECANTO INFANTIL;Rua Santa Terezinha, 47;Farroupilha   ; 90040-180 Porto Alegre - RS;Privada;<50;1
ESC INF EDUCAR E CIA;Rua Joao Alfredo, 688;Cidade Baixa  ; 90050-230 Porto Alegre - RS;Privada;<50;1
CRECHE ANJINHO DO SABER;Rua Sao Vicente, 483;Rio Branco   ; 90630-180 Porto Alegre - RS;Privada;<50;1
COLEGIO JOAO PAULO I HIGI;Rua Filadelfia, 314;Higienopolis   ; 90520-510 Porto Alegre - RS;Privada; 501 e 1000;4
ESCOLA DE EDUCACAO INFANTIL CRIANCA VIDA;Rua Joao Caetano, 178;Tres Figueiras  ; 90470-260 Porto Alegre - RS;Privada;<50;1
ESC EDUC INF ADAPTAR;Rua Manoel Leao, 162;Pedra Redonda   ; 91760-560 Porto Alegre - RS;Privada;<50;1
5151 EEI BOA VISTA;R Salomao Dubin, 11;Boa Vista  ; 91340-450 Porto Alegre - RS;Privada; 51 e 200;2
5149 EEI EGIDIO PICCOLI;R Violeta Parque Das Orquideas, 2;Mario Quintana  ; 91260-396 Porto Alegre - RS;Privada; 51 e 200;2
5160 EEI ANJINHOS DE CRISTAL;Estrada Cristiano Kraemer, 541;Vila Nova   ; 91750-060 Porto Alegre - RS;Privada; 51 e 200;2
5170 IEI INTEGRACAO DOS ANJOS;Av Ipiranga, 3780;Praia De Belas   ; 90160-090 Porto Alegre - RS;Privada; 51 e 200;2
5154 IEI MUNDO COLORIDO;R Dona Teodora, 984;Farrapos   ; 90240-300 Porto Alegre - RS;Privada; 51 e 200;2
5152 IEI PEQUENO PRINCIPE;R Viuvinha, 275;Jardim Carvalho   ; 91430-817 Porto Alegre - RS;Privada; 51 e 200;2
5147 EEI PADRE PEDRO LEONARDI II;R Emilia Perroni Fernandes, 100;Camaqua   ; 91910-295 Porto Alegre - RS;Privada;<50;1
ESC EDUC INF QUERUBIM;Rua Sao Manoel, 2215;Rio Branco  ; 90620-110 Porto Alegre - RS;Privada;<50;1
EMEF DE SURDOS BILINGUE SALOMAO WATNICK;R Capitao Pedro Werlang, 1011;Partenon   ; 91530-110 Porto Alegre - RS;Municipal;<50;1
5202 EEI GIRASSOL LAMI;R Nova Olinda, 203;Lami   ; 91787-640 Porto Alegre - RS;Privada; 51 e 200;2
ESC EDUC INF JANELINHA;Rua Professor Romano Reif, 97;Boa Vista   ; 91340-420 Porto Alegre - RS;Privada;<50;1
SOCIEDADE MANTENEDORA PRO-SABER LTDA;Rua Filadelfia, 106;Sao Joao  ; 90550-060 Porto Alegre - RS;Privada; 51 e 200;2
5166 EEI ABRASCE PARTENON;Rua Milton Sales Silveira, 37;Coronel Aparicio Borges; 91530-660 Porto Alegre - RS;Privada; 51 e 200;2
5165 IEI VOVO BELINHA;Av Joaquim Porto Villanova, 136;Bom Jesus  ; 91410-400 Porto Alegre - RS;Privada; 51 e 200;2
ESC EDUC INF DESCOBRINDO A VIDA;Rua Professor Clemente Pinto, 701;Medianeira   ; 90870-220 Porto Alegre - RS;Privada;<50;1
5169 IEI SONHO MEU;Av Moab Caldas Acesso 6, 20;Santa Tereza   ; 90880-310 Porto Alegre - RS;Privada;<50;1
5167 EEI PADRE VALLE NOSSO SONHO II;Rua Bernardi, 61;Cristo Redentor  ; 91040-030 Porto Alegre - RS;Privada; 51 e 200;2
5164 EEI ARCO IRIS II;R Tobago, 1260;Restinga   ; 91790-530 Porto Alegre - RS;Privada; 51 e 200;2
ESC EDUC INF DUMBO;Rua Francisco Mattos Terres, 211;Aberta Dos Morros ; 91755-070 Porto Alegre - RS;Privada;<50;1
ESC EDUC INF TIA DAISY;Rua Dom Jaime De Barros Camara, 436;Sarandi   ; 91130-160 Porto Alegre - RS;Privada;<50;1
5148 EEI MARISTA MENINO JESUS;R Garca-Moura, 100;Floresta   ; 90220-330 Porto Alegre - RS;Privada; 51 e 200;2
5150 ECEI PE LUIZ PEDROLLO;Trav Cosme E Damiao, 84;Partenon   ; 90680-247 Porto Alegre - RS;Privada; 51 e 200;2
5153 EEI MEU DENGO;R Geraldina Batista, 115;Rubem Berta  ; 91150-095 Porto Alegre - RS;Privada; 51 e 200;2
5159 EEI TIA IARA;R Arapei, 551;Cristal   ; 90830-470 Porto Alegre - RS;Privada;<50;1
5155 IEI RENOVAR DA ESPERANCA;R Jacques Yves Costeau, 565;Restinga   ; 91790-425 Porto Alegre - RS;Privada; 51 e 200;2
5161 EEI RAIO DE SOL;Rua Colina, 150;Vila Nova  ; 91750-000 Porto Alegre - RS;Privada; 51 e 200;2
5192 EEI RENASCER DA ESPERANCA;Av Econ Nilo Wulff, 919;Restinga   ; 91790-000 Porto Alegre - RS;Privada; 51 e 200;2
EMEF MORADAS DA HIPICA;R Geraldo Tollens Linck, 0;Hipica   ; 91787-214 Porto Alegre - RS;Municipal;>1000;5
EEI MUNDO DOS ANJOS;Rua Giordano Bruno, 96;Rio Branco  ; 90420-150 Porto Alegre - RS;Privada;<50;1
5172 EEI POPULAR NOVA GERACAO;R Primavera, 50;Sarandi   ; 91140-290 Porto Alegre - RS;Privada;<50;1
5176 IEI OSICOM III;R Bonifacio Calderon, 45;Passo Das Pedras ; 91230-170 Porto Alegre - RS;Privada; 51 e 200;2
5219 IEI PINGO DE MEL;Rua Beco Dos Marianos, 164;Agronomia   ; 91540-605 Porto Alegre - RS;Privada;<50;1
5190 EEI PINGUINHOS DE OURO;Bc Carlos Superti, 300;Vila Nova  ; 91750-020 Porto Alegre - RS;Privada; 51 e 200;2
TOP 10 - SOL E ANGEL ESC INF LTDA;Avenida Pereira Passos, 936;Vila Assuncao  ; 91900-240 Porto Alegre - RS;Privada;<50;1
5175 IEI OSICOM II;R Manoel Ferrador, 405;Passo Das Pedras ; 91230-370 Porto Alegre - RS;Privada; 51 e 200;2
5185 EEI SAO MARCOS;R Antonio Jose De Santana, 899;Agronomia   ; 91540-180 Porto Alegre - RS;Privada; 51 e 200;2
5189 IEI CORACAO VALENTE;R Felisberto Maia, 190;Mario Quintana  ; 91260-371 Porto Alegre - RS;Privada; 51 e 200;2
5181 EEI PLANETA MAGICO;Tv Conselheiro Antonio, 21;Agronomia   ; 91540-030 Porto Alegre - RS;Privada; 51 e 200;2
ESC EDUC INF RECANTO DO SABER;Rua Franklin, 105;Jardim Itu Sabara   ; 91210-060 Porto Alegre - RS;Privada;<50;1
5179 IEI DUTRA JARDIM;R Alberto Sehbe Simon, 74;Rubem Berta   ; 91160-595 Porto Alegre - RS;Privada; 51 e 200;2
EEI PEQUENO APRENDIZ;Rua Antonio Francisco Lisboa, 150;Rubem Berta  ; 91180-040 Porto Alegre - RS;Privada; 51 e 200;2
5184 EEI JARDIM IPIRANGA;Av Eng Ary De Abreu Lima, 390;Vila Ipiranga  ; 91360-070 Porto Alegre - RS;Privada; 51 e 200;2
ESC EDUC INF MUNDO DA IMAGINACAO;Rua Dona Firmina, 151;Sao Jose  ; 91520-210 Porto Alegre - RS;Privada;<50;1
5177 EEI SAO GUILHERME;Diretriz 3729, 116;Partenon   ; 91520-650 Porto Alegre - RS;Privada; 51 e 200;2
5186 EEI CANTINHO ENCANTADO;Rua Jose Inacio Da Silva, 441;Belem Novo  ; 91780-240 Porto Alegre - RS;Privada; 51 e 200;2
ESC EDUC INF CONSTRUINDO A INFANCIA;Rua Sepe, 621;Passo Da Areia ; 91350-050 Porto Alegre - RS;Privada; 51 e 200;2
5180 EEI PORTAL ENCANTADO;R Jaime Lino Dos Santos Filho, 604;Lomba Do Pinheiro ; 91550-610 Porto Alegre - RS;Privada; 51 e 200;2
5173 EEI CASA NAZARE;Estr Aracaju, 453;Vila Nova  ; 91740-320 Porto Alegre - RS;Privada; 51 e 200;2
ESC EDUC INF VIDA NOVA;Rua Santo Guerra, 151;Navegantes   ; 90240-170 Porto Alegre - RS;Privada;<50;1
5201 IEI PEDACO DE GENTE;R Raul Cauduro, 297;Mario Quintana  ; 91270-580 Porto Alegre - RS;Privada; 51 e 200;2
ESC EDUC INF ABELHINHA SAPECA;Rua Evaristo Da Veiga, 252;Partenon   ; 90620-230 Porto Alegre - RS;Privada;<50;1
EEI TURMA DO CASTELO;Avenida Benno Mentz, 331;Vila Ipiranga  ; 91370-020 Porto Alegre - RS;Privada;<50;1
PANDA ESCOLA DE EDUCACAO INFANTIL LTDA ME;Rua Comendador Rheingantz, 980;Bela Vista  ; 90450-020 Porto Alegre - RS;Privada;<50;1
ESCOLA DE EDUCACAO INFANTIL PROJETO CRESCER;Avenida General Emilio Lucio Esteves, 241;Santa Maria Goretti ; 91030-290 Porto Alegre - RS;Privada;<50;1
ESC EDUC INF PASTORZINHO;Avenida Delmar Rocha Barbosa, 151;Rubem Berta  ; 91180-490 Porto Alegre - RS;Privada;<50;1
EEI BRINCANDO COM AS LETRAS;Rua Gavea, 604;Ipanema   ; 91760-040 Porto Alegre - RS;Privada;<50;1
ES EDUC INF DIVINA INFANCIA;Rua Da Gruta, 80;Cascata   ; 91712-160 Porto Alegre - RS;Privada;<50;1
5231 EEI PIMPONETA;Av Vinte Um De Abril, 441;Sarandi   ; 91120-630 Porto Alegre - RS;Privada; 51 e 200;2
ESC EDUC INF PIRLIMPIMPIM;Rua Professor Alvaro Alvim, 310;Rio Branco  ; 90420-020 Porto Alegre - RS;Privada;<50;1
ESC EDUC INF DESCOBRINDO O SABER;Rua Rincao, 245;Ipanema   ; 91760-670 Porto Alegre - RS;Privada;<50;1
ESC EDUC INF DESCOBRINDO SABERES;Travessa Antilhas, 74;Jardim Lindoia  ; 91050-110 Porto Alegre - RS;Privada;<50;1
5193 EEI TREVO DE OURO;Beco Do Guara, 59;Guaruja   ; 91770-012 Porto Alegre - RS;Privada; 51 e 200;2
5194 EEI PLANETA DO SABER;Rua Olrlando Aita, 2;Jardim Leopoldina  ; 91240-030 Porto Alegre - RS;Privada; 51 e 200;2
5195 IEI ANJO DAS FLORES;R Pescador, 400;Arquipelago   ; 90090-170 Porto Alegre - RS;Privada; 51 e 200;2
5196 ECEI PADRE NATAL;R Itapua, 94;Mario Quintana  ; 91270-325 Porto Alegre - RS;Privada; 51 e 200;2
5197 EEI TIO ZE;R Prisma, 64;Santa Tereza  ; 90840-130 Porto Alegre - RS;Privada; 51 e 200;2
5198 EEI PEQUENOS PESQUISADORES;R Ana Julia, 176;Lomba Do Pinheiro ; 91550-000 Porto Alegre - RS;Privada; 51 e 200;2
ESC EDUC INF GERACAO ALEGRIA;Rua Carlos Von Koseritz, 505;Sao Joao  ; 90540-031 Porto Alegre - RS;Privada;<50;1
5216 EEI CONSTRUINDO O AMANHA;R Domingos Jose Poli, 331;Restinga   ; 91790-072 Porto Alegre - RS;Privada; 51 e 200;2
ESC EDUC INF PEQUENO PRINCIPE LTDA;Rua Doutor Dias De Carvalho, 278;Tristeza   ; 91910-270 Porto Alegre - RS;Privada;<50;1
5213 IEI PATATI PATATA;Av Bernardino Silveira Pastoriza, 641;Rubem Berta  ; 91160-310 Porto Alegre - RS;Privada; 51 e 200;2
